customerID,gender,SeniorCitizen,Partner,Dependents,tenure,PhoneService,MultipleLines,InternetService,OnlineSecurity,OnlineBackup,DeviceProtection,TechSupport,StreamingTV,StreamingMovies,Contract,PaperlessBilling,PaymentMethod,MonthlyCharges,TotalCharges,Churn
4376-KFVRS,Male,0,Yes,Yes,121.05165846079717,Yes,Yes,Fiber optic,Yes,Yes,Yes,Yes,Yes,Yes,Two year,Yes,Electronic check,131.1575,8468.2,0
2754-SDJRD,Female,1,No,No,57.051658460797164,Yes,Yes,Fiber optic,No,No,No,Yes,Yes,Yes,Month-to-month,Yes,Bank transfer (automatic),115.1725,908.55,1
9917-KWRBE,Female,0,Yes,Yes,90.05165846079717,Yes,Yes,DSL,Yes,Yes,Yes,No,Yes,No,One year,Yes,Credit card (automatic),90.10249999999999,3211.2,0
0365-GXEZS,Male,0,Yes,No,67.05165846079717,Yes,No,Fiber optic,No,No,Yes,Yes,No,No,Month-to-month,No,Electronic check,89.92999999999999,1468.75,0
9385-NXKDA,Female,0,Yes,No,121.05165846079717,Yes,Yes,DSL,Yes,Yes,Yes,No,Yes,Yes,Two year,Yes,Mailed check,95.0475,5919.35,0
4686-UXDML,Female,0,No,No,70.05165846079717,Yes,Yes,Fiber optic,No,Yes,No,No,Yes,Yes,Month-to-month,Yes,Electronic check,114.82749999999999,1992.55,0
2227-JRSJX,Female,0,No,No,70.05165846079717,Yes,No,Fiber optic,No,Yes,No,Yes,Yes,Yes,Month-to-month,Yes,Electronic check,114.0225,1956.4,0
4830-FAXFM,Male,0,No,Yes,68.05165846079717,Yes,Yes,No,No internet service,No internet service,No internet service,No internet service,No internet service,No internet service,Month-to-month,Yes,Credit card (automatic),27.715,439.2,0
1830-IPXVJ,Female,0,Yes,Yes,110.05165846079717,Yes,No,No,No internet service,No internet service,No internet service,No internet service,No internet service,No internet service,Two year,No,Electronic check,22.7125,1311.6,0
4690-LLKUA,Male,1,No,No,66.05165846079717,Yes,No,DSL,No,No,No,No,No,No,Month-to-month,Yes,Credit card (automatic),51.80749999999999,770.6,0
5804-HYIEZ,Male,0,Yes,Yes,119.05165846079717,Yes,Yes,Fiber optic,Yes,Yes,No,No,Yes,Yes,Month-to-month,Yes,Electronic check,121.95749999999998,7554.05,0
2388-LAESQ,Female,1,Yes,No,121.05165846079717,Yes,Yes,Fiber optic,Yes,Yes,Yes,Yes,Yes,Yes,Two year,Yes,Credit card (automatic),132.0775,8317.95,0
5533-RJFTJ,Male,0,No,No,98.05165846079717,No,No phone service,DSL,No,No,Yes,No,No,No,Month-to-month,Yes,Mailed check,34.73,1453.1,0
4706-AXVKM,Female,1,No,No,60.051658460797164,Yes,Yes,Fiber optic,No,No,No,No,No,Yes,Month-to-month,Yes,Mailed check,97.52,906.85,1
0997-YTLNY,Female,0,No,Yes,68.05165846079717,Yes,No,DSL,No,No,No,Yes,No,No,Month-to-month,No,Credit card (automatic),56.11999999999999,953.65,0
7971-HLVXI,Male,0,Yes,Yes,121.05165846079717,Yes,Yes,Fiber optic,No,No,No,No,No,Yes,Two year,Yes,Credit card (automatic),97.175,6130.85,0
7337-CINUD,Female,0,Yes,Yes,57.051658460797164,Yes,No,No,No internet service,No internet service,No internet service,No internet service,No internet service,No internet service,Two year,No,Electronic check,22.424999999999997,159.35,0
1379-FRVEB,Male,0,No,Yes,64.05165846079717,Yes,Yes,Fiber optic,No,Yes,No,No,Yes,No,Month-to-month,Yes,Electronic check,104.64999999999999,1430.05,0
4753-PADAS,Female,0,Yes,No,116.05165846079717,Yes,Yes,Fiber optic,No,Yes,Yes,No,Yes,Yes,One year,Yes,Electronic check,121.55499999999999,6816.95,0
5701-GUXDC,Female,0,Yes,No,75.05165846079717,No,No phone service,DSL,Yes,No,Yes,No,No,No,One year,No,Mailed check,40.709999999999994,978.6,0
7235-NXZCP,Male,1,No,No,51.051658460797164,Yes,Yes,Fiber optic,No,No,No,No,No,No,Month-to-month,Yes,Bank transfer (automatic),86.07749999999999,156.4,1
0668-OGMHD,Female,0,Yes,No,70.05165846079717,No,No phone service,DSL,Yes,No,No,No,No,No,Month-to-month,No,Credit card (automatic),32.775,629.35,0
2812-REYAT,Female,0,Yes,No,98.05165846079717,Yes,No,No,No internet service,No internet service,No internet service,No internet service,No internet service,No internet service,One year,Yes,Credit card (automatic),23.057499999999997,923.1,0
8779-YIQQA,Male,0,Yes,Yes,70.05165846079717,Yes,No,No,No internet service,No internet service,No internet service,No internet service,No internet service,No internet service,One year,No,Electronic check,22.77,350.1,0
9701-CDXHR,Female,0,Yes,No,100.05165846079717,Yes,No,Fiber optic,No,No,No,No,No,No,Month-to-month,No,Bank transfer (automatic),79.5225,3649.6,0
7130-CTCUS,Male,1,Yes,No,65.05165846079717,Yes,No,DSL,Yes,Yes,No,No,No,No,Month-to-month,Yes,Credit card (automatic),62.732499999999995,825.1,0
1894-IGFSG,Female,0,No,No,71.05165846079717,Yes,No,Fiber optic,No,No,No,No,Yes,Yes,Month-to-month,No,Mailed check,102.63749999999999,1907.85,0
0871-URUWO,Male,0,Yes,No,62.051658460797164,Yes,Yes,Fiber optic,No,No,Yes,No,Yes,Yes,Month-to-month,Yes,Electronic check,117.58749999999999,1359.0,1
0057-QBUQH,Female,0,No,Yes,92.05165846079717,Yes,Yes,No,No internet service,No internet service,No internet service,No internet service,No internet service,No internet service,Two year,Yes,Bank transfer (automatic),28.865,1070.15,1
9611-CTWIH,Female,0,No,No,52.051658460797164,Yes,No,Fiber optic,No,No,No,No,Yes,Yes,Month-to-month,Yes,Bank transfer (automatic),102.86749999999999,240.45,1
8058-DMYRU,Male,1,No,No,103.05165846079717,Yes,Yes,Fiber optic,No,Yes,No,No,No,Yes,Month-to-month,Yes,Electronic check,103.55749999999999,4931.8,0
5351-QESIO,Male,0,No,Yes,50.051658460797164,No,No phone service,DSL,No,No,No,No,No,No,Month-to-month,No,Bank transfer (automatic),27.83,24.2,0
4302-ZYFEL,Male,0,Yes,Yes,118.05165846079717,Yes,No,No,No internet service,No internet service,No internet service,No internet service,No internet service,No internet service,One year,Yes,Credit card (automatic),23.6325,1403.1,1
6134-KWTBV,Male,0,No,No,111.05165846079717,Yes,Yes,No,No internet service,No internet service,No internet service,No internet service,No internet service,No internet service,Two year,No,Electronic check,26.909999999999997,1429.65,0
2034-GDRCN,Female,0,No,No,51.051658460797164,Yes,No,Fiber optic,No,No,No,No,Yes,Yes,Month-to-month,Yes,Electronic check,103.96,168.2,1
9544-PYPSJ,Female,1,Yes,Yes,111.05165846079717,Yes,Yes,Fiber optic,No,Yes,Yes,No,No,Yes,Month-to-month,Yes,Credit card (automatic),110.51499999999999,6019.35,1
4208-UFFGW,Male,1,No,No,51.051658460797164,Yes,No,DSL,No,No,No,No,No,No,Month-to-month,No,Electronic check,51.6925,85.15,1
9537-JALFH,Male,0,Yes,Yes,118.05165846079717,Yes,No,No,No internet service,No internet service,No internet service,No internet service,No internet service,No internet service,Two year,No,Electronic check,22.884999999999998,1356.7,0
4415-IJZTP,Female,0,No,No,50.051658460797164,Yes,Yes,Fiber optic,No,No,No,No,No,No,Month-to-month,Yes,Bank transfer (automatic),85.675,74.5,1
4701-MLJPN,Male,0,No,No,80.05165846079717,Yes,No,DSL,No,No,Yes,Yes,No,No,Month-to-month,Yes,Electronic check,63.537499999999994,1715.65,1
7515-LODFU,Male,1,No,No,118.05165846079717,Yes,No,No,No internet service,No internet service,No internet service,No internet service,No internet service,No internet service,Two year,No,Electronic check,23.345,1356.3,0
4927-WWOOZ,Male,0,Yes,No,51.051658460797164,Yes,Yes,Fiber optic,No,No,Yes,No,Yes,No,Month-to-month,Yes,Electronic check,105.16749999999999,171.45,0
4067-HLYQI,Female,0,No,No,82.05165846079717,Yes,No,Fiber optic,No,No,No,No,No,No,Month-to-month,Yes,Electronic check,80.96,2406.1,0
6184-DYUOB,Female,0,Yes,No,52.051658460797164,Yes,No,No,No internet service,No internet service,No internet service,No internet service,No internet service,No internet service,Month-to-month,Yes,Electronic check,22.54,55.25,1
9209-NWPGU,Male,0,No,No,93.05165846079717,Yes,No,DSL,Yes,No,No,Yes,Yes,No,One year,No,Mailed check,75.21,2774.55,0
9851-KIELU,Male,0,No,No,59.051658460797164,Yes,No,Fiber optic,Yes,Yes,Yes,Yes,Yes,Yes,Month-to-month,Yes,Bank transfer (automatic),126.61499999999998,1043.3,1
3199-XGZCY,Female,0,No,No,57.051658460797164,Yes,Yes,Fiber optic,No,No,No,No,No,No,Month-to-month,Yes,Mailed check,86.5375,576.7,0
4226-KKDON,Male,0,No,No,57.051658460797164,Yes,No,DSL,No,Yes,No,Yes,Yes,No,Month-to-month,Yes,Mailed check,76.6475,520.95,0
1085-LDWAM,Female,0,Yes,Yes,118.05165846079717,Yes,No,No,No internet service,No internet service,No internet service,No internet service,No internet service,No internet service,One year,Yes,Mailed check,23.4025,1442.65,0
6825-UYPFK,Female,0,No,No,72.05165846079717,Yes,Yes,Fiber optic,No,No,No,No,No,No,Month-to-month,No,Electronic check,86.93999999999998,1758.6,1
1767-CJKBA,Male,0,No,No,115.05165846079717,Yes,Yes,No,No internet service,No internet service,No internet service,No internet service,No internet service,No internet service,Two year,No,Credit card (automatic),28.865,1697.7,0
7181-BQYBV,Female,0,Yes,Yes,50.051658460797164,Yes,Yes,Fiber optic,Yes,No,Yes,No,Yes,Yes,Month-to-month,Yes,Mailed check,117.8175,102.45,0
0178-CIIKR,Female,0,No,No,52.051658460797164,Yes,No,No,No internet service,No internet service,No internet service,No internet service,No internet service,No internet service,Month-to-month,No,Electronic check,22.9425,58.0,0
4256-ZWTZI,Female,0,No,Yes,54.051658460797164,Yes,No,DSL,No,No,No,Yes,No,No,Month-to-month,Yes,Electronic check,58.65,286.8,0
9537-VHDTA,Female,0,No,Yes,50.051658460797164,Yes,No,DSL,Yes,No,No,No,No,No,Month-to-month,No,Credit card (automatic),58.879999999999995,51.2,0
2754-XBHTB,Female,0,No,No,58.051658460797164,Yes,No,Fiber optic,No,No,No,No,Yes,No,Month-to-month,Yes,Bank transfer (automatic),89.2975,714.15,1
5975-BAICR,Male,0,Yes,Yes,85.05165846079717,Yes,No,DSL,Yes,No,Yes,No,No,Yes,One year,Yes,Bank transfer (automatic),73.255,2188.5,0
3301-VKTGC,Male,0,Yes,Yes,117.05165846079717,Yes,Yes,Fiber optic,Yes,Yes,No,No,No,No,One year,Yes,Electronic check,98.32499999999999,5696.6,0
2877-VDUER,Female,0,Yes,Yes,84.05165846079717,No,No phone service,DSL,No,No,No,Yes,Yes,No,One year,No,Mailed check,47.035,1383.6,0
7717-BICXI,Male,0,Yes,Yes,109.05165846079717,Yes,No,No,No internet service,No internet service,No internet service,No internet service,No internet service,No internet service,Two year,No,Electronic check,23.6325,1205.05,0
0562-FGDCR,Female,0,Yes,Yes,121.05165846079717,Yes,Yes,DSL,Yes,Yes,No,Yes,Yes,No,Two year,No,Bank transfer (automatic),85.73249999999999,5430.65,0
3705-PSNGL,Male,0,No,No,94.05165846079717,Yes,No,No,No internet service,No internet service,No internet service,No internet service,No internet service,No internet service,One year,Yes,Bank transfer (automatic),23.459999999999997,930.45,1
0048-LUMLS,Male,0,Yes,Yes,86.05165846079717,Yes,No,Fiber optic,No,No,No,No,Yes,Yes,One year,No,Electronic check,104.88,3247.55,0
6497-TILVL,Female,0,Yes,Yes,56.051658460797164,Yes,No,DSL,Yes,No,No,No,No,No,Month-to-month,No,Credit card (automatic),58.305,350.35,0
2108-YKQTY,Female,0,No,No,53.051658460797164,Yes,No,DSL,No,Yes,No,No,No,No,Month-to-month,No,Credit card (automatic),58.305,151.3,1
3658-KIBGF,Female,0,No,No,50.051658460797164,Yes,No,DSL,Yes,Yes,No,No,No,No,Month-to-month,Yes,Bank transfer (automatic),63.13499999999999,54.9,1
5482-NUPNA,Female,0,No,No,53.051658460797164,Yes,No,DSL,Yes,Yes,No,Yes,No,No,Month-to-month,Yes,Electronic check,69.46,272.15,1
7410-KTVFV,Male,0,Yes,No,67.05165846079717,Yes,No,DSL,No,No,Yes,No,No,No,Month-to-month,Yes,Mailed check,56.982499999999995,878.35,1
9033-EOXWV,Female,0,No,No,61.051658460797164,Yes,Yes,DSL,No,No,No,Yes,Yes,Yes,One year,No,Electronic check,85.15749999999998,872.65,1
8821-XNHVZ,Female,0,Yes,Yes,50.051658460797164,Yes,No,Fiber optic,No,No,No,No,Yes,No,Month-to-month,Yes,Mailed check,92.05749999999999,80.05,1
8224-KDLKN,Male,0,Yes,Yes,121.05165846079717,Yes,Yes,No,No internet service,No internet service,No internet service,No internet service,No internet service,No internet service,Two year,No,Electronic check,28.749999999999996,1738.9,0
4825-FUREZ,Male,0,Yes,No,91.05165846079717,Yes,No,No,No internet service,No internet service,No internet service,No internet service,No internet service,No internet service,Two year,No,Bank transfer (automatic),23.287499999999998,835.5,1
7534-BFESC,Male,1,No,No,73.05165846079717,Yes,Yes,Fiber optic,No,No,No,No,No,No,Month-to-month,Yes,Electronic check,87.51499999999999,1712.7,1
9138-EFSMO,Male,0,Yes,Yes,75.05165846079717,Yes,No,Fiber optic,No,No,No,No,No,Yes,One year,No,Mailed check,90.79249999999999,2034.25,0
4227-OJHAL,Female,0,Yes,Yes,117.05165846079717,Yes,Yes,DSL,Yes,Yes,Yes,No,Yes,No,One year,Yes,Electronic check,83.94999999999999,5163.0,0
7279-NMVJC,Female,0,No,No,66.05165846079717,Yes,No,No,No internet service,No internet service,No internet service,No internet service,No internet service,No internet service,One year,No,Mailed check,22.884999999999998,323.15,0
8591-TKMZH,Male,0,Yes,Yes,108.05165846079717,Yes,Yes,Fiber optic,Yes,Yes,No,Yes,Yes,Yes,Two year,Yes,Bank transfer (automatic),127.76499999999999,6555.2,0
9283-LZQOH,Male,0,Yes,Yes,62.051658460797164,Yes,Yes,Fiber optic,No,No,No,No,No,No,Month-to-month,Yes,Electronic check,85.56,896.75,1
3594-IVHJZ,Female,0,No,No,51.051658460797164,Yes,No,No,No internet service,No internet service,No internet service,No internet service,No internet service,No internet service,Month-to-month,Yes,Mailed check,23.5175,42.45,0
1945-XISKS,Female,0,Yes,No,116.05165846079717,Yes,No,No,No internet service,No internet service,No internet service,No internet service,No internet service,No internet service,Two year,No,Mailed check,22.597499999999997,1335.2,1
4359-INNWN,Female,0,No,No,66.05165846079717,Yes,No,No,No internet service,No internet service,No internet service,No internet service,No internet service,No internet service,One year,No,Bank transfer (automatic),23.057499999999997,337.9,0
7649-SIJJF,Male,0,Yes,No,120.05165846079717,Yes,Yes,DSL,Yes,Yes,Yes,Yes,No,Yes,Two year,Yes,Bank transfer (automatic),92.11499999999998,5585.4,0
9254-RBFON,Female,0,Yes,Yes,66.05165846079717,Yes,No,Fiber optic,No,No,Yes,Yes,Yes,Yes,One year,No,Mailed check,113.38999999999999,1704.95,1
0970-ETWGE,Male,0,No,No,50.051658460797164,Yes,No,Fiber optic,No,No,No,No,Yes,Yes,Month-to-month,Yes,Bank transfer (automatic),102.98249999999999,89.55,1
7762-ONLJY,Female,0,Yes,Yes,55.051658460797164,Yes,No,No,No internet service,No internet service,No internet service,No internet service,No internet service,No internet service,One year,No,Electronic check,22.654999999999998,94.45,0
6710-HSJRD,Male,0,Yes,No,110.05165846079717,Yes,Yes,Fiber optic,No,Yes,Yes,Yes,Yes,Yes,Month-to-month,Yes,Mailed check,131.21499999999997,7132.15,0
8873-GLDMH,Female,0,No,No,55.051658460797164,Yes,Yes,Fiber optic,No,No,No,No,No,No,Month-to-month,Yes,Credit card (automatic),84.92749999999998,401.3,0
9907-SWKKF,Female,1,No,No,50.051658460797164,No,No phone service,DSL,No,No,No,No,No,No,Month-to-month,No,Mailed check,28.807499999999997,25.05,1
4658-HCOHW,Female,0,Yes,Yes,70.05165846079717,Yes,No,Fiber optic,No,Yes,Yes,Yes,Yes,Yes,Month-to-month,Yes,Electronic check,118.21999999999998,2110.15,1
9330-VOFSZ,Female,0,Yes,No,109.05165846079717,Yes,Yes,Fiber optic,No,Yes,Yes,Yes,Yes,Yes,Two year,Yes,Electronic check,127.41999999999999,6640.7,0
2860-RANUS,Female,1,No,No,69.05165846079717,Yes,Yes,Fiber optic,No,No,No,No,No,Yes,Month-to-month,Yes,Mailed check,98.66999999999999,1727.5,1
6234-PFPXL,Male,0,Yes,No,71.05165846079717,Yes,Yes,Fiber optic,Yes,No,No,Yes,Yes,No,Month-to-month,No,Credit card (automatic),110.285,2234.95,0
7205-BAIAD,Female,0,No,No,89.05165846079717,Yes,No,No,No internet service,No internet service,No internet service,No internet service,No internet service,No internet service,Two year,Yes,Mailed check,23.69,827.3,0
3858-VOBET,Male,0,No,No,72.05165846079717,Yes,Yes,Fiber optic,No,No,No,No,No,No,Month-to-month,Yes,Mailed check,86.1925,1710.45,0
5103-MHMHY,Female,0,No,Yes,50.051658460797164,Yes,No,DSL,No,No,No,No,No,No,Month-to-month,No,Electronic check,52.8425,45.95,1
6119-SPUDB,Male,0,No,No,95.05165846079717,No,No phone service,DSL,Yes,No,Yes,Yes,No,No,Two year,No,Electronic check,43.9875,1755.35,0
9389-ACWBI,Female,0,Yes,Yes,54.051658460797164,Yes,No,Fiber optic,No,No,No,No,No,No,Month-to-month,No,Mailed check,80.4425,320.4,0
3454-JFUBC,Male,1,No,No,117.05165846079717,Yes,No,No,No internet service,No internet service,No internet service,No internet service,No internet service,No internet service,Two year,Yes,Electronic check,23.0,1396.0,0
1768-ZAIFU,Female,1,No,No,50.051658460797164,No,No phone service,DSL,No,No,No,No,No,No,Month-to-month,Yes,Bank transfer (automatic),28.979999999999997,25.2,1
7017-VFULY,Female,0,Yes,No,51.051658460797164,Yes,No,No,No internet service,No internet service,No internet service,No internet service,No internet service,No internet service,Month-to-month,No,Credit card (automatic),23.115,43.15,0
9221-OTIVJ,Female,1,No,No,63.051658460797164,Yes,Yes,Fiber optic,No,Yes,Yes,No,Yes,Yes,Month-to-month,Yes,Bank transfer (automatic),120.57749999999999,1531.4,1
2482-CZGBB,Male,0,No,No,59.051658460797164,Yes,No,Fiber optic,No,No,No,No,No,No,Month-to-month,Yes,Bank transfer (automatic),80.5,740.0,1
7018-WBJNK,Male,0,No,Yes,62.051658460797164,Yes,No,Fiber optic,No,No,No,No,Yes,No,Month-to-month,Yes,Electronic check,90.04499999999999,1033.95,0
3331-HQDTW,Female,0,No,No,83.05165846079717,Yes,Yes,Fiber optic,Yes,Yes,Yes,No,Yes,Yes,Month-to-month,Yes,Bank transfer (automatic),126.26999999999998,3587.25,1
4695-VADHF,Male,0,Yes,Yes,67.05165846079717,Yes,No,DSL,No,No,Yes,No,No,Yes,Month-to-month,No,Credit card (automatic),66.0675,990.85,1
4086-WITJG,Male,0,Yes,Yes,120.05165846079717,Yes,No,No,No internet service,No internet service,No internet service,No internet service,No internet service,No internet service,Two year,No,Mailed check,22.654999999999998,1301.1,0
6297-NOOPG,Female,0,Yes,No,119.05165846079717,Yes,Yes,Fiber optic,No,Yes,Yes,Yes,Yes,Yes,Two year,Yes,Credit card (automatic),127.07499999999999,7752.05,0
8777-PVYGU,Female,0,Yes,No,101.05165846079717,Yes,No,DSL,Yes,No,Yes,No,Yes,No,One year,Yes,Electronic check,73.945,3410.6,0
4378-MYPGO,Male,0,Yes,Yes,117.05165846079717,Yes,No,Fiber optic,Yes,Yes,Yes,No,Yes,Yes,Two year,Yes,Mailed check,121.0375,7173.15,0
9313-CDOGY,Male,0,Yes,Yes,87.05165846079717,Yes,No,No,No internet service,No internet service,No internet service,No internet service,No internet service,No internet service,Month-to-month,No,Credit card (automatic),22.54,717.3,0
4121-AGSIN,Female,0,Yes,Yes,107.05165846079717,Yes,Yes,No,No internet service,No internet service,No internet service,No internet service,No internet service,No internet service,One year,Yes,Mailed check,28.174999999999997,1497.9,0
0432-CAJZV,Male,0,No,No,52.051658460797164,Yes,No,Fiber optic,No,No,No,No,Yes,Yes,Month-to-month,No,Electronic check,104.30499999999999,237.65,0
9097-ZUBYC,Male,0,Yes,No,63.051658460797164,Yes,No,DSL,No,No,No,Yes,No,No,Month-to-month,No,Electronic check,56.11999999999999,664.4,0
9638-JIQYA,Male,0,No,No,51.051658460797164,No,No phone service,DSL,No,No,No,No,No,No,Month-to-month,Yes,Mailed check,28.634999999999994,49.7,0
1024-GUALD,Female,0,Yes,No,50.051658460797164,No,No phone service,DSL,No,No,No,No,No,No,Month-to-month,Yes,Bank transfer (automatic),28.52,24.8,1
8024-XNAFQ,Female,1,No,No,121.05165846079717,Yes,Yes,Fiber optic,Yes,Yes,Yes,Yes,No,Yes,Two year,Yes,Bank transfer (automatic),123.50999999999999,7748.75,0
7587-RZNME,Male,0,No,No,52.051658460797164,Yes,No,DSL,No,No,No,No,No,No,Month-to-month,Yes,Bank transfer (automatic),49.794999999999995,123.65,1
1346-UFHAX,Female,0,No,No,62.051658460797164,Yes,Yes,Fiber optic,Yes,No,No,No,No,No,Month-to-month,Yes,Bank transfer (automatic),92.0,1029.35,0
6374-NTQLP,Male,1,Yes,Yes,121.05165846079717,Yes,No,Fiber optic,Yes,No,Yes,Yes,Yes,Yes,Two year,Yes,Electronic check,119.71499999999999,7447.7,0
6625-FLENO,Male,0,Yes,No,107.05165846079717,Yes,No,No,No internet service,No internet service,No internet service,No internet service,No internet service,No internet service,Two year,No,Electronic check,23.862499999999997,1185.95,0
7375-WMVMT,Male,1,Yes,No,120.05165846079717,Yes,No,Fiber optic,No,Yes,Yes,Yes,No,Yes,Two year,Yes,Credit card (automatic),109.82499999999999,6707.15,0
6910-HADCM,Female,0,No,No,50.051658460797164,Yes,No,Fiber optic,No,No,Yes,No,No,No,Month-to-month,No,Bank transfer (automatic),87.80249999999998,76.35,1
7401-JIXNM,Female,0,Yes,Yes,103.05165846079717,Yes,Yes,DSL,Yes,Yes,Yes,Yes,Yes,Yes,Two year,No,Mailed check,104.99499999999999,4965.0,0
7338-ERIVA,Male,0,No,Yes,88.05165846079717,No,No phone service,DSL,Yes,No,No,Yes,Yes,No,One year,No,Credit card (automatic),51.80749999999999,1790.6,0
5376-DEQCP,Female,0,No,No,50.051658460797164,Yes,No,Fiber optic,No,No,No,No,No,No,Month-to-month,Yes,Mailed check,81.18999999999998,70.6,1
0909-SELIE,Male,0,Yes,No,110.05165846079717,Yes,Yes,DSL,Yes,Yes,Yes,Yes,No,Yes,Two year,Yes,Credit card (automatic),92.91999999999999,4860.85,0
5419-KLXBN,Female,0,Yes,Yes,74.05165846079717,Yes,No,Fiber optic,No,Yes,Yes,No,Yes,No,Month-to-month,Yes,Credit card (automatic),102.5225,2257.75,1
0365-TRTPY,Female,0,No,No,86.05165846079717,Yes,Yes,Fiber optic,Yes,Yes,Yes,No,No,No,Month-to-month,No,Mailed check,104.88,3382.3,0
6712-OAWRH,Female,1,No,No,75.05165846079717,Yes,No,Fiber optic,No,No,No,No,Yes,Yes,Month-to-month,Yes,Credit card (automatic),104.93749999999999,2351.8,1
2428-ZMCTB,Male,0,No,No,59.051658460797164,Yes,No,No,No internet service,No internet service,No internet service,No internet service,No internet service,No internet service,Month-to-month,No,Mailed check,22.7125,208.25,0
1963-VAUKV,Female,0,No,No,50.051658460797164,Yes,No,No,No internet service,No internet service,No internet service,No internet service,No internet service,No internet service,Month-to-month,No,Credit card (automatic),23.459999999999997,20.4,0
9381-NDKME,Female,1,Yes,No,73.05165846079717,No,No phone service,DSL,No,No,Yes,No,No,Yes,Month-to-month,Yes,Electronic check,46.747499999999995,933.3,1
3729-OWRVL,Male,1,No,No,114.05165846079717,Yes,Yes,Fiber optic,Yes,No,Yes,Yes,Yes,Yes,Two year,Yes,Electronic check,126.90249999999999,7246.15,0
0895-LMRSF,Male,0,No,No,72.05165846079717,Yes,No,DSL,No,No,No,No,Yes,Yes,One year,Yes,Credit card (automatic),74.635,1509.8,0
2676-SSLTO,Male,0,No,No,98.05165846079717,Yes,Yes,DSL,No,No,No,Yes,Yes,No,Two year,Yes,Mailed check,76.0725,3199.0,1
8495-PRWFH,Female,1,No,No,91.05165846079717,Yes,Yes,DSL,No,No,Yes,No,No,No,Month-to-month,No,Electronic check,63.997499999999995,2421.75,0
9030-QGZNL,Female,0,No,No,57.051658460797164,Yes,No,No,No internet service,No internet service,No internet service,No internet service,No internet service,No internet service,Two year,No,Credit card (automatic),23.9775,161.65,0
9972-NKTFD,Female,0,No,No,77.05165846079717,Yes,No,DSL,No,Yes,No,Yes,No,No,Month-to-month,No,Bank transfer (automatic),62.8475,1517.5,0
7998-WNZEM,Male,0,No,No,120.05165846079717,Yes,Yes,DSL,Yes,Yes,Yes,Yes,No,Yes,Two year,No,Electronic check,92.68999999999998,5708.2,0
0979-PHULV,Male,0,Yes,Yes,118.05165846079717,Yes,Yes,Fiber optic,No,No,Yes,No,Yes,Yes,Month-to-month,Yes,Bank transfer (automatic),114.36749999999999,7007.6,1
6445-TNRXS,Male,0,Yes,Yes,117.05165846079717,Yes,Yes,Fiber optic,Yes,Yes,Yes,Yes,Yes,Yes,Two year,Yes,Electronic check,131.905,7849.85,0
9586-JGQKH,Female,0,Yes,No,113.05165846079717,Yes,Yes,Fiber optic,No,Yes,No,Yes,Yes,Yes,Two year,Yes,Mailed check,121.21,6794.75,0
3966-HRMZA,Female,1,No,No,52.051658460797164,Yes,No,Fiber optic,No,No,Yes,No,No,No,Month-to-month,No,Credit card (automatic),86.30749999999999,202.9,0
5498-IBWPI,Female,0,Yes,Yes,115.05165846079717,Yes,No,DSL,No,No,No,Yes,No,No,One year,Yes,Mailed check,56.809999999999995,3251.85,0
6823-SIDFQ,Male,0,No,No,77.05165846079717,Yes,No,No,No internet service,No internet service,No internet service,No internet service,No internet service,No internet service,One year,No,Electronic check,20.987499999999997,534.7,0
2323-ARSVR,Male,0,Yes,No,116.05165846079717,Yes,No,Fiber optic,Yes,Yes,Yes,Yes,Yes,Yes,Two year,Yes,Mailed check,127.70749999999998,7321.05,1
5468-BPMMO,Male,0,Yes,No,95.05165846079717,Yes,No,No,No internet service,No internet service,No internet service,No internet service,No internet service,No internet service,Month-to-month,No,Electronic check,22.54,851.2,0
0486-HECZI,Male,0,Yes,No,104.05165846079717,Yes,Yes,Fiber optic,Yes,Yes,No,No,Yes,No,Month-to-month,Yes,Mailed check,111.26249999999999,5238.9,1
2178-PMGCJ,Male,0,No,No,71.05165846079717,Yes,No,Fiber optic,No,No,No,No,No,No,Month-to-month,Yes,Electronic check,80.155,1490.4,0
4660-IRIBM,Male,0,Yes,Yes,67.05165846079717,Yes,No,Fiber optic,Yes,No,Yes,No,Yes,No,Month-to-month,Yes,Credit card (automatic),101.085,1500.5,0
9674-EHPPG,Male,0,Yes,No,95.05165846079717,No,No phone service,DSL,Yes,No,Yes,Yes,No,No,Two year,No,Credit card (automatic),46.459999999999994,1842.7,1
5606-AMZBO,Female,0,Yes,No,59.051658460797164,Yes,Yes,Fiber optic,Yes,No,No,No,No,No,Month-to-month,Yes,Mailed check,89.8725,765.15,0
0665-XHDJU,Male,0,Yes,No,121.05165846079717,Yes,Yes,Fiber optic,No,Yes,No,No,Yes,Yes,Two year,Yes,Electronic check,114.31,7285.7,1
5402-HTOTQ,Male,0,No,No,65.05165846079717,Yes,Yes,DSL,No,Yes,No,No,No,No,Month-to-month,No,Credit card (automatic),63.59499999999999,875.35,0
8258-GSTJK,Male,1,No,No,52.051658460797164,Yes,Yes,Fiber optic,No,No,No,No,No,No,Month-to-month,Yes,Electronic check,88.55,237.75,1
3787-TRIAL,Male,0,Yes,Yes,70.05165846079717,No,No phone service,DSL,No,No,No,No,No,No,Month-to-month,Yes,Credit card (automatic),29.9575,565.75,0
6175-IRFIT,Male,0,No,No,54.051658460797164,Yes,No,Fiber optic,No,No,No,No,No,Yes,Month-to-month,No,Mailed check,90.5625,426.35,1
6317-YPKDH,Female,0,No,No,50.051658460797164,No,No phone service,DSL,No,Yes,No,No,No,No,Month-to-month,No,Bank transfer (automatic),34.442499999999995,29.95,1
5692-FPTAH,Female,0,No,No,50.051658460797164,Yes,No,DSL,No,No,No,No,No,No,Month-to-month,Yes,Bank transfer (automatic),52.209999999999994,45.4,1
5373-SFODM,Male,1,Yes,No,85.05165846079717,Yes,Yes,Fiber optic,No,No,No,No,No,Yes,Month-to-month,Yes,Electronic check,98.0375,3132.75,1
0868-VJRDR,Male,0,Yes,No,113.05165846079717,Yes,No,Fiber optic,Yes,Yes,No,Yes,Yes,Yes,Two year,Yes,Credit card (automatic),119.65749999999998,6605.55,0
4079-VTGLK,Male,1,Yes,No,79.05165846079717,Yes,Yes,DSL,No,No,Yes,No,Yes,Yes,Two year,No,Mailed check,86.07749999999999,2181.75,0
1166-PQLGG,Female,0,Yes,Yes,121.05165846079717,Yes,No,No,No internet service,No internet service,No internet service,No internet service,No internet service,No internet service,Two year,No,Credit card (automatic),22.482499999999998,1463.45,1
5296-BFCYD,Male,0,Yes,Yes,95.05165846079717,Yes,No,No,No internet service,No internet service,No internet service,No internet service,No internet service,No internet service,Two year,Yes,Bank transfer (automatic),23.115,936.85,0
6568-POCUI,Female,0,Yes,No,94.05165846079717,Yes,No,Fiber optic,No,No,No,Yes,Yes,Yes,Two year,Yes,Electronic check,109.47999999999999,4285.8,0
2839-RFSQE,Female,0,No,No,51.051658460797164,Yes,No,No,No internet service,No internet service,No internet service,No internet service,No internet service,No internet service,Month-to-month,No,Electronic check,23.747499999999995,38.7,1
2188-SXWVT,Female,0,No,No,83.05165846079717,Yes,No,DSL,Yes,Yes,No,No,No,No,One year,No,Mailed check,63.24999999999999,1885.15,0
8849-GYOKR,Female,0,Yes,No,103.05165846079717,Yes,Yes,Fiber optic,Yes,Yes,No,No,Yes,Yes,One year,No,Bank transfer (automatic),122.53249999999998,5763.3,1
3623-FQBOX,Male,0,No,No,70.05165846079717,Yes,No,No,No internet service,No internet service,No internet service,No internet service,No internet service,No internet service,Month-to-month,Yes,Electronic check,22.9425,416.4,1
2649-HWLYB,Male,0,Yes,No,114.05165846079717,Yes,Yes,DSL,Yes,No,Yes,Yes,No,Yes,Two year,No,Electronic check,87.5725,4929.55,0
0599-XNYDO,Female,0,Yes,No,69.05165846079717,Yes,No,Fiber optic,No,No,No,No,No,No,Month-to-month,Yes,Electronic check,80.27,1540.35,0
2514-GINMM,Male,0,No,No,50.051658460797164,Yes,No,Fiber optic,No,No,No,No,Yes,No,Month-to-month,Yes,Mailed check,91.425,79.5,1
8401-EMUWF,Male,0,Yes,Yes,91.05165846079717,Yes,Yes,DSL,Yes,Yes,No,No,Yes,No,Month-to-month,Yes,Bank transfer (automatic),79.81,3058.3,0
5766-ZJYBB,Male,0,No,No,50.051658460797164,Yes,No,No,No internet service,No internet service,No internet service,No internet service,No internet service,No internet service,Month-to-month,No,Mailed check,22.309999999999995,19.4,1
2604-IJPDU,Female,0,Yes,No,69.05165846079717,Yes,No,Fiber optic,Yes,Yes,No,Yes,Yes,No,Month-to-month,Yes,Mailed check,111.03249999999998,1901.65,0
2501-XWWTZ,Male,0,No,No,60.051658460797164,Yes,No,Fiber optic,No,No,No,No,No,No,Month-to-month,No,Credit card (automatic),80.73,760.05,0
6370-ZVHDV,Female,0,Yes,No,110.05165846079717,Yes,Yes,No,No internet service,No internet service,No internet service,No internet service,No internet service,No internet service,Two year,No,Mailed check,29.095,1554.9,1
3027-YNWZU,Female,0,Yes,No,113.05165846079717,Yes,Yes,No,No internet service,No internet service,No internet service,No internet service,No internet service,No internet service,Two year,No,Electronic check,28.749999999999996,1584.8,0
4526-ZJJTM,Female,1,Yes,No,74.05165846079717,Yes,No,Fiber optic,No,Yes,Yes,No,No,Yes,Month-to-month,No,Credit card (automatic),101.66,2191.15,0
0440-QEXBZ,Female,0,No,No,93.05165846079717,Yes,Yes,DSL,No,No,No,No,No,No,Month-to-month,Yes,Bank transfer (automatic),57.67249999999999,2139.1,0
0330-IVZHA,Female,0,Yes,No,54.051658460797164,Yes,No,Fiber optic,No,No,No,No,No,No,Month-to-month,No,Mailed check,80.4425,330.15,1
9758-MFWGD,Female,1,Yes,Yes,97.05165846079717,No,No phone service,DSL,No,Yes,No,No,No,No,One year,No,Mailed check,34.385,1388.75,1
4229-CZMLL,Male,0,No,No,55.051658460797164,Yes,Yes,Fiber optic,No,No,No,No,No,No,Month-to-month,Yes,Electronic check,86.135,469.8,1
0742-MOABM,Male,0,Yes,No,53.051658460797164,Yes,No,DSL,No,No,No,Yes,No,No,Month-to-month,No,Credit card (automatic),57.55749999999999,179.35,1
4277-BWBML,Male,0,Yes,Yes,121.05165846079717,Yes,No,No,No internet service,No internet service,No internet service,No internet service,No internet service,No internet service,Two year,No,Mailed check,22.9425,1322.85,1
5136-GFPMB,Male,0,No,No,103.05165846079717,Yes,Yes,Fiber optic,No,No,Yes,No,No,Yes,Month-to-month,No,Electronic check,102.81,4869.5,0
7520-HQWJU,Female,0,Yes,Yes,115.05165846079717,Yes,Yes,DSL,Yes,Yes,Yes,No,No,No,Month-to-month,Yes,Electronic check,77.5675,4508.65,0
6304-IJFSQ,Male,0,No,No,52.051658460797164,Yes,No,DSL,No,Yes,No,No,No,No,Month-to-month,Yes,Mailed check,57.38499999999999,130.1,1
0297-RBCSG,Male,0,No,No,68.05165846079717,Yes,No,DSL,No,Yes,No,Yes,No,Yes,One year,Yes,Bank transfer (automatic),75.15249999999999,1231.85,0
6013-BHCAW,Male,0,Yes,Yes,110.05165846079717,Yes,Yes,DSL,No,No,Yes,Yes,Yes,Yes,Two year,Yes,Bank transfer (automatic),93.14999999999999,4976.15,0
4402-FTBXC,Male,0,No,No,103.05165846079717,Yes,No,Fiber optic,Yes,No,Yes,No,Yes,No,Month-to-month,No,Electronic check,103.26999999999998,4667.0,0
1471-GIQKQ,Female,0,No,No,50.051658460797164,Yes,No,DSL,No,Yes,No,No,No,No,Month-to-month,No,Credit card (automatic),57.442499999999995,49.95,0
4283-FUTGF,Male,1,No,No,68.05165846079717,Yes,Yes,Fiber optic,No,No,Yes,No,No,No,Month-to-month,Yes,Credit card (automatic),91.82749999999999,1471.75,1
9548-LERKT,Male,0,Yes,No,73.05165846079717,Yes,No,No,No internet service,No internet service,No internet service,No internet service,No internet service,No internet service,Two year,No,Mailed check,22.7125,483.15,0
8059-UDZFY,Female,1,No,Yes,82.05165846079717,Yes,Yes,Fiber optic,No,Yes,Yes,No,Yes,Yes,Month-to-month,Yes,Mailed check,121.15249999999999,3465.05,1
0410-IPFTY,Female,0,Yes,No,80.05165846079717,Yes,No,Fiber optic,No,Yes,No,No,No,Yes,Month-to-month,Yes,Credit card (automatic),96.42749999999998,2674.15,0
2478-EEWWM,Male,0,Yes,No,108.05165846079717,No,No phone service,DSL,No,No,No,No,Yes,Yes,Month-to-month,Yes,Mailed check,50.94499999999999,2666.75,0
4619-EVPHY,Female,1,Yes,No,69.05165846079717,Yes,No,Fiber optic,No,No,No,No,Yes,Yes,One year,Yes,Electronic check,104.64999999999999,1859.5,0
2277-DJJDL,Male,1,Yes,No,109.05165846079717,Yes,Yes,Fiber optic,No,No,No,Yes,Yes,Yes,Month-to-month,Yes,Electronic check,113.85,6017.9,0
2911-WDXMV,Male,0,No,Yes,67.05165846079717,Yes,Yes,Fiber optic,No,No,Yes,No,No,No,Month-to-month,Yes,Bank transfer (automatic),92.6325,1406.65,0
3639-XJHKQ,Female,0,No,Yes,68.05165846079717,Yes,No,DSL,Yes,Yes,Yes,No,No,No,Month-to-month,Yes,Bank transfer (automatic),69.69,1297.8,0
8173-RXAYP,Female,0,Yes,Yes,73.05165846079717,Yes,No,No,No internet service,No internet service,No internet service,No internet service,No internet service,No internet service,Two year,No,Credit card (automatic),22.654999999999998,452.55,0
4537-CIBHB,Female,0,Yes,Yes,58.051658460797164,Yes,No,No,No internet service,No internet service,No internet service,No internet service,No internet service,No internet service,One year,No,Bank transfer (automatic),23.287499999999998,172.35,1
5442-BXVND,Female,0,Yes,Yes,82.05165846079717,Yes,Yes,No,No internet service,No internet service,No internet service,No internet service,No internet service,No internet service,Month-to-month,No,Mailed check,27.8875,838.5,0
2308-STERM,Female,0,No,No,51.051658460797164,Yes,No,No,No internet service,No internet service,No internet service,No internet service,No internet service,No internet service,Month-to-month,No,Mailed check,22.309999999999995,61.05,1
7159-NOKYQ,Male,0,Yes,No,116.05165846079717,Yes,Yes,Fiber optic,No,Yes,Yes,No,No,Yes,Two year,Yes,Credit card (automatic),107.1225,6368.2,0
6075-QMNRR,Female,0,No,No,101.05165846079717,Yes,No,DSL,Yes,No,No,No,No,No,Month-to-month,Yes,Credit card (automatic),57.2125,2535.55,0
3694-GLTJM,Female,0,No,No,54.051658460797164,Yes,No,No,No internet service,No internet service,No internet service,No internet service,No internet service,No internet service,Month-to-month,Yes,Electronic check,22.597499999999997,92.05,1
9629-NHXFW,Female,0,Yes,Yes,50.051658460797164,Yes,No,No,No internet service,No internet service,No internet service,No internet service,No internet service,No internet service,Month-to-month,Yes,Credit card (automatic),22.309999999999995,19.4,0
7167-PCEYD,Male,0,No,No,116.05165846079717,Yes,No,No,No internet service,No internet service,No internet service,No internet service,No internet service,No internet service,Two year,Yes,Bank transfer (automatic),22.77,1311.3,0
2748-MYRVK,Female,0,No,No,112.05165846079717,Yes,Yes,Fiber optic,No,Yes,No,No,Yes,Yes,One year,No,Bank transfer (automatic),114.88499999999999,6137.0,0
4223-WOZCM,Male,1,No,No,51.051658460797164,Yes,No,DSL,No,No,Yes,No,No,No,Month-to-month,No,Credit card (automatic),57.442499999999995,107.1,0
6946-LMSQS,Male,1,Yes,No,74.05165846079717,Yes,Yes,Fiber optic,Yes,No,No,No,No,Yes,One year,Yes,Mailed check,102.40749999999998,2177.45,1
5469-NUJUR,Male,0,No,No,68.05165846079717,Yes,No,No,No internet service,No internet service,No internet service,No internet service,No internet service,No internet service,Two year,Yes,Mailed check,22.9425,373.5,0
6388-TABGU,Male,0,No,Yes,111.05165846079717,Yes,No,DSL,Yes,Yes,No,No,No,No,One year,No,Credit card (automatic),64.57249999999999,3487.95,0
1261-FWTTE,Male,1,No,No,72.05165846079717,No,No phone service,DSL,No,No,No,No,No,Yes,Month-to-month,Yes,Credit card (automatic),39.8475,768.45,0
8590-YFFQO,Male,0,Yes,No,119.05165846079717,Yes,No,DSL,Yes,Yes,Yes,Yes,No,No,Two year,No,Mailed check,74.6925,4523.25,0
0082-OQIQY,Male,0,No,No,78.05165846079717,Yes,No,Fiber optic,No,No,No,Yes,Yes,Yes,Month-to-month,Yes,Mailed check,108.33,2607.6,0
9465-RWMXL,Male,0,Yes,No,81.05165846079717,Yes,Yes,Fiber optic,No,No,Yes,No,No,No,Month-to-month,Yes,Credit card (automatic),90.735,2447.95,0
2930-UOTMB,Female,0,No,No,80.05165846079717,Yes,Yes,DSL,Yes,No,Yes,Yes,No,No,Month-to-month,No,Electronic check,75.0375,1994.3,1
9128-CPXKI,Female,0,No,No,108.05165846079717,Yes,No,Fiber optic,No,No,Yes,No,Yes,Yes,Two year,No,Credit card (automatic),110.16999999999999,5655.45,1
0484-FFVBJ,Male,0,No,No,81.05165846079717,Yes,No,DSL,No,No,No,No,Yes,Yes,One year,Yes,Credit card (automatic),74.57749999999999,2010.95,0
1100-DDVRV,Male,0,Yes,No,66.05165846079717,No,No phone service,DSL,No,Yes,No,No,Yes,Yes,Month-to-month,Yes,Mailed check,57.26999999999999,836.35,0
9313-QOLTZ,Male,0,No,No,75.05165846079717,Yes,No,No,No internet service,No internet service,No internet service,No internet service,No internet service,No internet service,Month-to-month,No,Electronic check,24.034999999999997,518.3,0
3338-CVVEH,Male,0,No,No,61.051658460797164,Yes,Yes,Fiber optic,No,No,No,No,Yes,Yes,Month-to-month,No,Electronic check,108.73249999999999,1173.55,0
1131-SUEKT,Male,0,Yes,Yes,110.05165846079717,Yes,No,Fiber optic,No,Yes,No,Yes,Yes,Yes,One year,Yes,Bank transfer (automatic),113.2175,6145.2,0
7602-DBTOU,Female,0,Yes,No,120.05165846079717,Yes,No,No,No internet service,No internet service,No internet service,No internet service,No internet service,No internet service,Two year,No,Bank transfer (automatic),22.54,1416.5,0
1385-TQOZW,Female,0,No,No,58.051658460797164,Yes,No,No,No internet service,No internet service,No internet service,No internet service,No internet service,No internet service,Month-to-month,Yes,Bank transfer (automatic),23.5175,147.55,0
6892-XPFPU,Male,1,Yes,No,73.05165846079717,Yes,Yes,Fiber optic,No,Yes,Yes,No,Yes,Yes,Month-to-month,Yes,Electronic check,119.88749999999999,2433.9,1
4115-NZRKS,Female,1,No,No,56.051658460797164,Yes,No,Fiber optic,No,No,No,No,Yes,Yes,Month-to-month,Yes,Bank transfer (automatic),102.5225,574.35,0
5514-YQENT,Male,0,No,Yes,90.05165846079717,Yes,No,Fiber optic,Yes,Yes,Yes,Yes,Yes,Yes,Two year,Yes,Mailed check,127.82249999999999,4507.15,0
6319-IEJWJ,Male,0,Yes,Yes,69.05165846079717,Yes,No,Fiber optic,No,No,No,No,Yes,Yes,Month-to-month,Yes,Electronic check,103.72999999999999,1776.55,1
8849-AYPTR,Male,0,Yes,No,82.05165846079717,Yes,No,Fiber optic,No,No,No,No,Yes,Yes,Month-to-month,No,Bank transfer (automatic),104.93749999999999,2964.05,0
5893-PYOLZ,Male,0,No,No,105.05165846079717,Yes,No,DSL,No,Yes,Yes,Yes,Yes,Yes,Two year,Yes,Mailed check,94.07,4534.45,0
7180-PISOG,Male,0,Yes,Yes,50.051658460797164,Yes,Yes,Fiber optic,No,No,No,No,No,No,Month-to-month,Yes,Bank transfer (automatic),85.675,74.5,0
8443-ZRDBZ,Male,0,No,No,53.051658460797164,Yes,Yes,Fiber optic,No,No,No,No,No,No,Month-to-month,Yes,Bank transfer (automatic),87.4575,318.9,1
9079-YEXQJ,Female,0,No,No,103.05165846079717,Yes,Yes,Fiber optic,No,Yes,Yes,Yes,Yes,Yes,Month-to-month,No,Electronic check,127.76499999999999,6014.85,1
3780-YVMFA,Female,0,Yes,Yes,57.051658460797164,Yes,No,DSL,No,No,No,Yes,Yes,Yes,Month-to-month,Yes,Bank transfer (automatic),78.8325,564.35,1
6968-MHOMU,Male,0,Yes,No,107.05165846079717,No,No phone service,DSL,No,No,No,No,Yes,Yes,One year,Yes,Credit card (automatic),51.74999999999999,2689.35,1
0899-LIIBW,Male,0,Yes,No,83.05165846079717,Yes,Yes,Fiber optic,No,No,Yes,No,Yes,Yes,Month-to-month,No,Mailed check,115.97749999999998,3527.3,0
3677-IYRBF,Female,1,No,No,51.051658460797164,No,No phone service,DSL,No,No,Yes,No,No,No,Month-to-month,Yes,Electronic check,34.959999999999994,78.65,1
8393-DLHGA,Male,0,No,Yes,74.05165846079717,Yes,No,Fiber optic,No,Yes,No,No,Yes,Yes,Month-to-month,Yes,Electronic check,110.285,2448.75,1
7691-XVTZH,Female,0,Yes,No,117.05165846079717,Yes,Yes,Fiber optic,No,No,Yes,No,Yes,No,Two year,Yes,Mailed check,103.4425,5974.3,0
5360-LJCNJ,Female,0,Yes,No,120.05165846079717,Yes,Yes,Fiber optic,No,Yes,Yes,No,Yes,Yes,Two year,Yes,Bank transfer (automatic),120.9225,7555.0,0
3891-PUQOD,Female,0,No,Yes,50.051658460797164,Yes,No,DSL,No,No,Yes,No,No,Yes,Month-to-month,No,Bank transfer (automatic),68.08,59.2,1
0952-KMEEH,Male,0,No,No,62.051658460797164,Yes,Yes,Fiber optic,Yes,No,No,No,Yes,Yes,Month-to-month,No,Credit card (automatic),112.8725,1230.25,0
4919-IKATY,Male,0,Yes,Yes,54.051658460797164,Yes,Yes,Fiber optic,Yes,No,Yes,No,No,No,Month-to-month,Yes,Electronic check,97.175,453.75,1
9746-UGFAC,Female,0,No,No,71.05165846079717,Yes,No,No,No internet service,No internet service,No internet service,No internet service,No internet service,No internet service,One year,No,Electronic check,23.9775,450.65,1
9108-EQPNQ,Female,0,Yes,Yes,59.051658460797164,Yes,Yes,No,No internet service,No internet service,No internet service,No internet service,No internet service,No internet service,Two year,No,Electronic check,30.015,225.55,0
0531-ZZJWQ,Male,1,Yes,No,104.05165846079717,Yes,Yes,Fiber optic,No,No,No,No,No,No,Month-to-month,Yes,Mailed check,85.1,4052.4,0
8763-KIAFH,Female,0,Yes,Yes,76.05165846079717,Yes,No,No,No internet service,No internet service,No internet service,No internet service,No internet service,No internet service,One year,Yes,Electronic check,23.6325,583.3,0
5863-OOKCL,Female,0,No,No,59.051658460797164,Yes,No,No,No internet service,No internet service,No internet service,No internet service,No internet service,No internet service,Month-to-month,No,Mailed check,21.6775,163.2,0
2958-NHPPS,Male,0,No,No,72.05165846079717,Yes,No,No,No internet service,No internet service,No internet service,No internet service,No internet service,No internet service,Month-to-month,No,Credit card (automatic),23.9775,473.9,0
9530-GRMJG,Male,0,Yes,Yes,119.05165846079717,Yes,Yes,DSL,No,Yes,Yes,Yes,Yes,Yes,Two year,Yes,Mailed check,96.71499999999999,5979.7,0
1809-DMJHQ,Female,0,No,Yes,54.051658460797164,Yes,No,DSL,No,No,No,No,No,No,Month-to-month,No,Mailed check,52.9,221.7,1
0164-XAIRP,Female,0,No,No,73.05165846079717,Yes,No,No,No internet service,No internet service,No internet service,No internet service,No internet service,No internet service,Two year,Yes,Bank transfer (automatic),22.482499999999998,470.2,1
2926-JEJJC,Female,0,No,No,57.051658460797164,Yes,No,No,No internet service,No internet service,No internet service,No internet service,No internet service,No internet service,One year,Yes,Bank transfer (automatic),23.229999999999997,140.95,0
1169-WCVAK,Male,0,Yes,No,68.05165846079717,Yes,Yes,Fiber optic,Yes,Yes,No,Yes,No,No,Month-to-month,Yes,Credit card (automatic),102.11999999999999,1672.35,0
1217-VASWC,Male,1,Yes,No,92.05165846079717,Yes,No,Fiber optic,No,Yes,Yes,No,Yes,Yes,One year,Yes,Credit card (automatic),115.6325,4304.0,0
2452-KDRRH,Male,1,No,No,116.05165846079717,Yes,Yes,Fiber optic,No,No,Yes,No,Yes,Yes,Month-to-month,Yes,Mailed check,116.61,6841.05,0
6402-EJMWF,Male,0,No,No,53.051658460797164,Yes,No,DSL,No,No,No,No,No,Yes,Month-to-month,Yes,Mailed check,63.59499999999999,238.5,0
7663-CUXZB,Male,0,Yes,No,108.05165846079717,Yes,Yes,Fiber optic,Yes,Yes,Yes,Yes,Yes,Yes,Two year,No,Electronic check,130.8125,6561.25,0
4312-KFRXN,Male,0,Yes,No,121.05165846079717,Yes,Yes,No,No internet service,No internet service,No internet service,No internet service,No internet service,No internet service,Two year,No,Credit card (automatic),29.209999999999997,1710.9,0
3011-WQKSZ,Male,0,No,Yes,68.05165846079717,Yes,No,No,No internet service,No internet service,No internet service,No internet service,No internet service,No internet service,Month-to-month,Yes,Bank transfer (automatic),23.0,377.55,0
9747-DDZOS,Female,0,No,No,50.051658460797164,Yes,No,Fiber optic,No,No,Yes,No,No,No,Month-to-month,No,Electronic check,84.52499999999999,73.5,1
2091-MJTFX,Female,0,Yes,Yes,79.05165846079717,No,No phone service,DSL,No,No,No,Yes,Yes,Yes,Month-to-month,No,Electronic check,58.879999999999995,1561.5,1
0388-EOPEX,Female,0,Yes,No,51.051658460797164,Yes,No,Fiber optic,Yes,No,No,No,No,No,Month-to-month,Yes,Mailed check,85.56,139.4,1
3161-ONRWK,Male,0,Yes,Yes,109.05165846079717,Yes,No,DSL,Yes,Yes,Yes,Yes,No,No,One year,Yes,Mailed check,75.72749999999999,3928.3,0
2587-EKXTS,Male,0,No,No,93.05165846079717,Yes,Yes,Fiber optic,Yes,Yes,Yes,No,Yes,Yes,Month-to-month,Yes,Mailed check,128.225,4915.15,0
9752-ZNQUT,Female,0,No,No,50.051658460797164,Yes,No,DSL,No,Yes,No,No,No,No,Month-to-month,Yes,Electronic check,55.89,48.6,0
9572-WUKSB,Male,0,Yes,No,52.051658460797164,No,No phone service,DSL,No,No,No,Yes,No,No,Month-to-month,Yes,Mailed check,34.385,92.25,0
3836-FZSDJ,Male,1,Yes,No,120.05165846079717,Yes,Yes,No,No internet service,No internet service,No internet service,No internet service,No internet service,No internet service,Two year,No,Mailed check,28.5775,1901.0,0
8805-JNRAZ,Female,0,No,No,51.051658460797164,Yes,No,DSL,No,Yes,No,No,No,No,Month-to-month,No,Mailed check,56.58,103.7,0
3069-SSVSN,Female,0,No,No,50.051658460797164,No,No phone service,DSL,No,No,No,No,No,No,One year,No,Electronic check,29.7275,25.85,0
8015-IHCGW,Female,0,Yes,Yes,121.05165846079717,Yes,Yes,Fiber optic,Yes,Yes,Yes,Yes,Yes,Yes,Two year,Yes,Bank transfer (automatic),132.825,8425.15,0
8132-YPVBX,Female,0,No,No,55.051658460797164,Yes,No,Fiber optic,No,Yes,No,No,No,Yes,Month-to-month,Yes,Electronic check,98.8425,514.6,0
0235-KGSLC,Female,0,No,No,50.051658460797164,Yes,No,Fiber optic,No,No,Yes,No,Yes,No,Month-to-month,Yes,Credit card (automatic),98.3825,85.55,1
1302-UHBDD,Male,1,No,No,69.05165846079717,Yes,No,Fiber optic,No,No,No,No,Yes,Yes,Month-to-month,No,Mailed check,103.4425,1648.45,0
3722-WPXTK,Male,0,No,No,50.051658460797164,Yes,No,Fiber optic,No,No,No,No,Yes,Yes,Month-to-month,Yes,Electronic check,101.60249999999999,88.35,1
7531-GQHME,Male,0,No,No,61.051658460797164,Yes,No,No,No internet service,No internet service,No internet service,No internet service,No internet service,No internet service,Month-to-month,No,Electronic check,23.057499999999997,265.45,0
1335-NTIUC,Male,0,No,No,58.051658460797164,No,No phone service,DSL,No,No,No,No,No,No,Month-to-month,Yes,Mailed check,28.692499999999995,190.25,0
9367-TCUYN,Female,0,No,No,61.051658460797164,Yes,No,No,No internet service,No internet service,No internet service,No internet service,No internet service,No internet service,Month-to-month,No,Bank transfer (automatic),23.115,223.6,0
1536-HBSWP,Female,0,No,No,50.051658460797164,Yes,No,DSL,No,No,No,Yes,No,No,Month-to-month,Yes,Mailed check,57.38499999999999,49.9,0
8573-JGCZW,Male,0,No,No,66.05165846079717,Yes,No,No,No internet service,No internet service,No internet service,No internet service,No internet service,No internet service,One year,Yes,Credit card (automatic),22.597499999999997,351.55,0
2694-CIUMO,Female,0,No,No,61.051658460797164,Yes,Yes,Fiber optic,No,No,No,Yes,No,No,Month-to-month,Yes,Bank transfer (automatic),91.48249999999999,958.25,1
2027-FECZV,Male,0,No,No,61.051658460797164,Yes,Yes,Fiber optic,No,Yes,Yes,No,Yes,Yes,Month-to-month,Yes,Electronic check,122.705,1253.9,1
9103-TCIHJ,Female,0,No,No,64.05165846079717,Yes,Yes,DSL,Yes,No,No,No,No,No,Month-to-month,Yes,Credit card (automatic),64.05499999999999,899.8,1
1545-JFUML,Male,0,Yes,No,120.05165846079717,Yes,Yes,Fiber optic,Yes,Yes,Yes,No,Yes,No,Two year,Yes,Mailed check,113.85,6994.6,0
0524-IAVZO,Female,0,Yes,No,79.05165846079717,Yes,Yes,Fiber optic,No,No,No,No,No,Yes,Month-to-month,Yes,Mailed check,97.74999999999999,2624.25,1
5519-TEEUH,Male,0,No,Yes,82.05165846079717,Yes,No,No,No internet service,No internet service,No internet service,No internet service,No internet service,No internet service,One year,Yes,Mailed check,23.172499999999996,682.15,0
6654-QGBZZ,Female,0,No,No,50.051658460797164,Yes,No,No,No internet service,No internet service,No internet service,No internet service,No internet service,No internet service,Month-to-month,No,Mailed check,22.884999999999998,19.9,1
2294-DMMUS,Female,0,Yes,Yes,111.05165846079717,Yes,Yes,DSL,No,No,No,No,Yes,Yes,Month-to-month,Yes,Credit card (automatic),81.0175,4300.45,0
0017-IUDMW,Female,0,Yes,Yes,121.05165846079717,Yes,Yes,Fiber optic,Yes,Yes,Yes,Yes,Yes,Yes,Two year,Yes,Electronic check,134.32,8456.75,0
5018-LXQQG,Female,0,Yes,Yes,79.05165846079717,Yes,No,DSL,Yes,No,No,Yes,No,Yes,Month-to-month,No,Credit card (automatic),76.24499999999999,1923.5,0
5808-TOTXO,Female,0,No,Yes,52.051658460797164,Yes,No,No,No internet service,No internet service,No internet service,No internet service,No internet service,No internet service,One year,Yes,Mailed check,23.6325,57.4,0
1174-FGIFN,Female,0,Yes,Yes,77.05165846079717,Yes,Yes,Fiber optic,No,No,No,Yes,No,Yes,One year,Yes,Electronic check,104.0175,2509.25,0
0730-KOAVE,Male,0,No,No,79.05165846079717,Yes,Yes,Fiber optic,Yes,Yes,No,No,No,Yes,Month-to-month,Yes,Credit card (automatic),108.445,2679.7,0
1218-VKFPE,Female,0,Yes,Yes,61.051658460797164,Yes,No,No,No internet service,No internet service,No internet service,No internet service,No internet service,No internet service,Month-to-month,No,Credit card (automatic),21.849999999999998,233.55,0
5313-FPXWG,Male,0,No,No,100.05165846079717,Yes,Yes,No,No internet service,No internet service,No internet service,No internet service,No internet service,No internet service,One year,Yes,Credit card (automatic),28.29,1266.4,1
2834-JKOOW,Female,0,No,No,64.05165846079717,No,No phone service,DSL,Yes,Yes,Yes,Yes,No,No,One year,No,Credit card (automatic),52.785,693.45,0
9430-NKQLY,Male,0,Yes,Yes,121.05165846079717,Yes,Yes,No,No internet service,No internet service,No internet service,No internet service,No internet service,No internet service,Two year,Yes,Bank transfer (automatic),28.865,1790.8,1
0363-QJVFX,Male,0,No,No,81.05165846079717,Yes,Yes,Fiber optic,Yes,Yes,No,Yes,Yes,Yes,Month-to-month,Yes,Mailed check,124.3725,3432.9,1
1658-TJVOA,Female,1,No,No,55.051658460797164,Yes,No,Fiber optic,Yes,No,No,No,No,No,Month-to-month,Yes,Mailed check,85.21499999999999,450.9,0
6685-GBWJZ,Male,0,Yes,No,112.05165846079717,Yes,No,DSL,Yes,Yes,No,Yes,Yes,No,One year,No,Bank transfer (automatic),81.41999999999999,4448.8,0
6328-ZPBGN,Female,1,No,No,60.051658460797164,Yes,Yes,Fiber optic,No,No,No,No,Yes,Yes,Month-to-month,Yes,Bank transfer (automatic),109.4225,997.65,1
4003-FUSHP,Male,0,No,No,68.05165846079717,Yes,No,DSL,No,No,No,Yes,Yes,No,Month-to-month,Yes,Mailed check,70.78249999999998,1093.2,0
7690-KPNCU,Male,0,Yes,Yes,113.05165846079717,Yes,No,DSL,Yes,No,Yes,No,Yes,Yes,One year,Yes,Electronic check,84.0075,4688.65,0
2969-WGHQO,Female,0,Yes,Yes,56.051658460797164,Yes,No,DSL,Yes,Yes,Yes,No,Yes,No,One year,No,Bank transfer (automatic),79.86749999999999,477.05,0
1855-CFULU,Female,1,No,No,53.051658460797164,Yes,No,No,No internet service,No internet service,No internet service,No internet service,No internet service,No internet service,Month-to-month,No,Credit card (automatic),23.057499999999997,91.45,1
9788-YTFGE,Male,0,No,No,56.051658460797164,Yes,No,No,No internet service,No internet service,No internet service,No internet service,No internet service,No internet service,Month-to-month,Yes,Bank transfer (automatic),22.9425,147.5,1
8266-VBFQL,Male,0,No,No,53.051658460797164,Yes,No,Fiber optic,No,No,Yes,Yes,No,Yes,Month-to-month,Yes,Electronic check,103.96,356.65,0
2325-NBPZG,Female,0,No,No,52.051658460797164,Yes,No,Fiber optic,Yes,No,No,No,No,No,Month-to-month,Yes,Bank transfer (automatic),85.73249999999999,233.65,1
9906-NHHVC,Female,1,No,No,114.05165846079717,No,No phone service,DSL,No,Yes,Yes,No,Yes,Yes,Two year,Yes,Credit card (automatic),61.525,3517.9,0
2541-YGPKE,Male,0,Yes,Yes,91.05165846079717,Yes,No,DSL,Yes,No,No,Yes,No,Yes,One year,No,Bank transfer (automatic),73.255,2763.35,0
5049-MUBWG,Male,0,No,No,75.05165846079717,Yes,No,DSL,Yes,No,No,Yes,Yes,Yes,One year,No,Mailed check,86.25,1908.35,1
2332-TODQS,Female,0,No,No,97.05165846079717,Yes,Yes,No,No internet service,No internet service,No internet service,No internet service,No internet service,No internet service,One year,No,Bank transfer (automatic),28.807499999999997,1171.5,0
4419-UJMUS,Male,0,Yes,Yes,118.05165846079717,Yes,Yes,Fiber optic,No,No,No,Yes,Yes,Yes,Two year,Yes,Electronic check,114.25249999999998,6856.45,0
2233-TXSIU,Male,0,Yes,Yes,66.05165846079717,No,No phone service,DSL,Yes,No,Yes,No,Yes,No,One year,No,Mailed check,51.1175,792.15,0
6770-XUAGN,Female,0,Yes,Yes,50.051658460797164,Yes,No,No,No internet service,No internet service,No internet service,No internet service,No internet service,No internet service,Month-to-month,Yes,Bank transfer (automatic),24.15,21.0,1
2919-HBCJO,Female,0,No,No,53.051658460797164,Yes,No,Fiber optic,No,Yes,No,No,No,No,Month-to-month,Yes,Mailed check,88.1475,333.6,1
9508-ILZDG,Female,1,No,No,83.05165846079717,Yes,Yes,Fiber optic,No,Yes,No,Yes,Yes,No,Month-to-month,Yes,Electronic check,110.80249999999998,3190.25,0
5442-BHQNG,Female,0,No,No,51.051658460797164,Yes,No,Fiber optic,No,No,No,No,No,No,Month-to-month,No,Mailed check,80.90249999999999,139.25,0
7250-EQKIY,Female,0,Yes,Yes,50.051658460797164,Yes,No,DSL,No,No,Yes,No,No,No,Month-to-month,No,Bank transfer (automatic),58.0175,50.45,1
6838-HVLXG,Female,0,No,No,61.051658460797164,Yes,No,No,No internet service,No internet service,No internet service,No internet service,No internet service,No internet service,Month-to-month,No,Electronic check,23.345,246.7,0
9767-FFLEM,Male,0,No,No,87.05165846079717,Yes,No,Fiber optic,No,No,No,No,No,No,Month-to-month,Yes,Electronic check,79.925,2625.25,0
2245-ADZFJ,Female,0,Yes,Yes,80.05165846079717,Yes,Yes,DSL,No,Yes,No,Yes,Yes,Yes,Two year,No,Mailed check,92.6325,2471.6,0
1150-WFARN,Female,0,Yes,Yes,116.05165846079717,Yes,Yes,Fiber optic,Yes,No,Yes,Yes,Yes,Yes,Two year,Yes,Electronic check,125.06249999999999,7156.2,1
9054-FOWNV,Male,0,Yes,Yes,71.05165846079717,Yes,Yes,Fiber optic,No,No,Yes,No,Yes,No,Month-to-month,Yes,Credit card (automatic),102.06249999999999,1885.15,0
7997-EASSD,Female,0,Yes,No,112.05165846079717,Yes,Yes,Fiber optic,No,No,No,Yes,No,No,One year,Yes,Credit card (automatic),93.38,4965.1,1
7560-QJAVJ,Female,0,No,No,119.05165846079717,Yes,No,DSL,Yes,No,Yes,Yes,Yes,Yes,Two year,No,Bank transfer (automatic),91.53999999999999,5589.45,0
2668-TZSPS,Male,0,No,No,50.051658460797164,Yes,No,No,No internet service,No internet service,No internet service,No internet service,No internet service,No internet service,Month-to-month,No,Bank transfer (automatic),23.5175,20.45,1
9139-WQQDY,Female,0,Yes,Yes,98.05165846079717,Yes,Yes,Fiber optic,No,Yes,No,No,Yes,Yes,One year,No,Electronic check,115.5175,4941.8,1
6726-NNFWD,Female,1,Yes,No,120.05165846079717,Yes,No,Fiber optic,No,Yes,Yes,No,No,Yes,Two year,No,Mailed check,102.86749999999999,6435.25,0
9330-DHBFL,Female,0,Yes,Yes,72.05165846079717,Yes,No,DSL,Yes,Yes,Yes,Yes,No,No,One year,Yes,Bank transfer (automatic),76.1875,1533.8,1
5727-MYATE,Male,0,Yes,Yes,121.05165846079717,Yes,Yes,DSL,Yes,Yes,Yes,Yes,Yes,Yes,Two year,Yes,Credit card (automatic),104.41999999999999,6397.6,1
2824-DXNKN,Female,0,Yes,Yes,121.05165846079717,Yes,Yes,DSL,Yes,No,Yes,No,Yes,No,Two year,Yes,Electronic check,82.1675,5025.85,0
6166-ILMNY,Female,0,No,No,51.051658460797164,Yes,No,Fiber optic,No,No,No,No,No,No,Month-to-month,No,Mailed check,80.21249999999999,144.55,1
5236-XMZJY,Female,0,No,No,91.05165846079717,Yes,No,DSL,Yes,Yes,Yes,No,No,No,Month-to-month,No,Mailed check,68.5975,2536.55,0
1709-EJDOX,Female,0,Yes,Yes,96.05165846079717,Yes,No,No,No internet service,No internet service,No internet service,No internet service,No internet service,No internet service,Two year,No,Bank transfer (automatic),22.7125,948.9,0
4962-CHQPW,Male,0,No,Yes,78.05165846079717,Yes,No,No,No internet service,No internet service,No internet service,No internet service,No internet service,No internet service,One year,No,Electronic check,22.8275,535.05,0
0301-FIDRB,Female,0,Yes,Yes,121.05165846079717,No,No phone service,DSL,Yes,Yes,Yes,Yes,Yes,Yes,Two year,Yes,Credit card (automatic),73.36999999999999,4684.3,1
1820-TQVEV,Male,0,No,No,50.051658460797164,Yes,No,Fiber optic,No,No,No,No,No,No,Month-to-month,Yes,Bank transfer (automatic),79.98249999999999,69.55,0
9115-YQHGA,Male,0,No,No,89.05165846079717,Yes,No,DSL,No,No,No,Yes,No,No,Month-to-month,Yes,Credit card (automatic),58.765,2092.9,0
1541-ETJZO,Male,0,No,No,50.051658460797164,Yes,Yes,DSL,No,No,Yes,Yes,No,No,Month-to-month,No,Bank transfer (automatic),71.35749999999999,62.05,1
6230-BSUXY,Female,1,No,No,50.051658460797164,Yes,No,Fiber optic,No,No,Yes,No,No,Yes,Month-to-month,Yes,Mailed check,97.74999999999999,85.0,0
6797-LNAQX,Male,0,Yes,Yes,119.05165846079717,Yes,Yes,Fiber optic,No,Yes,No,No,Yes,Yes,Two year,No,Electronic check,113.04499999999999,6859.5,1
9588-YRFHY,Male,0,No,No,98.05165846079717,Yes,No,No,No internet service,No internet service,No internet service,No internet service,No internet service,No internet service,Two year,Yes,Bank transfer (automatic),22.884999999999998,1022.6,0
1092-GANHU,Male,0,No,No,66.05165846079717,Yes,No,Fiber optic,No,No,Yes,No,No,No,Month-to-month,Yes,Electronic check,88.1475,1313.55,1
5951-AOFIH,Male,0,No,No,82.05165846079717,Yes,No,DSL,No,Yes,Yes,No,Yes,No,Month-to-month,Yes,Electronic check,76.36,2245.4,0
7029-RPUAV,Male,1,Yes,No,66.05165846079717,Yes,Yes,Fiber optic,No,No,Yes,No,Yes,Yes,Month-to-month,Yes,Electronic check,115.5175,1622.45,1
4700-UBQMV,Male,0,Yes,Yes,70.05165846079717,Yes,Yes,DSL,Yes,No,No,No,Yes,Yes,One year,Yes,Bank transfer (automatic),87.285,1549.75,0
3594-UVONA,Female,0,No,No,84.05165846079717,Yes,Yes,DSL,Yes,No,Yes,Yes,Yes,Yes,One year,Yes,Credit card (automatic),98.8425,3110.1,1
7750-EYXWZ,Female,0,No,No,61.051658460797164,No,No phone service,DSL,No,Yes,Yes,Yes,Yes,Yes,One year,No,Mailed check,69.74749999999999,743.3,0
7054-ENNGU,Female,0,Yes,No,58.051658460797164,Yes,No,DSL,No,Yes,No,No,No,No,Month-to-month,No,Credit card (automatic),58.4775,466.6,0
0402-OAMEN,Female,0,Yes,Yes,121.05165846079717,Yes,Yes,No,No internet service,No internet service,No internet service,No internet service,No internet service,No internet service,Two year,No,Mailed check,28.117499999999996,1709.1,0
2195-VVRJF,Male,1,Yes,No,67.05165846079717,Yes,No,DSL,Yes,No,No,No,No,Yes,Month-to-month,Yes,Electronic check,67.965,1011.05,0
8819-ZBYNA,Female,0,Yes,No,107.05165846079717,Yes,Yes,Fiber optic,Yes,Yes,No,Yes,Yes,Yes,Two year,Yes,Electronic check,125.46499999999999,6393.65,0
7748-UMTRK,Female,1,No,Yes,79.05165846079717,Yes,Yes,Fiber optic,No,No,No,Yes,Yes,Yes,Month-to-month,Yes,Electronic check,116.49499999999999,2974.5,0
1741-WTPON,Male,0,Yes,Yes,105.05165846079717,Yes,Yes,Fiber optic,Yes,Yes,Yes,Yes,Yes,Yes,Two year,No,Electronic check,133.2275,6567.9,0
7209-JCUDS,Male,0,No,No,59.051658460797164,Yes,No,Fiber optic,No,No,Yes,No,Yes,Yes,Month-to-month,Yes,Bank transfer (automatic),109.135,1048.85,1
2485-ITVKB,Female,0,Yes,No,51.051658460797164,No,No phone service,DSL,No,No,No,No,No,Yes,Month-to-month,Yes,Mailed check,40.365,68.75,1
9648-BCHKM,Female,0,Yes,Yes,67.05165846079717,Yes,Yes,No,No internet service,No internet service,No internet service,No internet service,No internet service,No internet service,Two year,Yes,Bank transfer (automatic),28.347499999999997,471.35,0
0743-HRVFF,Female,0,Yes,Yes,100.05165846079717,No,No phone service,DSL,No,No,Yes,Yes,Yes,Yes,One year,Yes,Bank transfer (automatic),64.57249999999999,2898.95,0
2522-AHJXR,Male,0,Yes,No,109.05165846079717,Yes,Yes,Fiber optic,Yes,No,Yes,Yes,Yes,Yes,Month-to-month,Yes,Mailed check,125.86749999999999,6572.85,1
9143-CANJF,Female,0,Yes,Yes,73.05165846079717,Yes,No,DSL,Yes,No,No,Yes,No,No,Month-to-month,No,Mailed check,63.42249999999999,1319.85,0
1444-VVSGW,Male,0,Yes,No,119.05165846079717,Yes,Yes,Fiber optic,Yes,Yes,Yes,Yes,Yes,Yes,One year,No,Mailed check,132.9975,7968.85,1
6898-MDLZW,Male,0,No,No,61.051658460797164,Yes,No,DSL,No,Yes,No,Yes,No,No,Month-to-month,Yes,Electronic check,61.81249999999999,648.65,0
0074-HDKDG,Male,0,Yes,Yes,74.05165846079717,Yes,No,DSL,Yes,Yes,Yes,No,No,No,One year,Yes,Bank transfer (automatic),70.83999999999999,1611.0,0
3982-JGSFD,Male,0,No,No,85.05165846079717,Yes,No,No,No internet service,No internet service,No internet service,No internet service,No internet service,No internet service,One year,Yes,Credit card (automatic),23.4025,695.85,0
7928-VJYAB,Male,0,Yes,Yes,60.051658460797164,Yes,No,Fiber optic,No,No,No,No,Yes,Yes,Month-to-month,No,Mailed check,104.18999999999998,1020.2,0
1522-VVDMG,Male,0,Yes,Yes,56.051658460797164,Yes,No,Fiber optic,No,Yes,No,Yes,Yes,No,Month-to-month,Yes,Mailed check,103.21249999999999,608.8,1
2665-NPTGL,Female,1,Yes,No,75.05165846079717,Yes,Yes,Fiber optic,No,No,Yes,No,Yes,Yes,Month-to-month,Yes,Mailed check,112.81499999999998,2510.7,1
8728-SKJLR,Male,0,No,No,90.05165846079717,Yes,No,Fiber optic,No,No,No,Yes,No,No,Month-to-month,Yes,Bank transfer (automatic),85.38749999999999,3089.1,0
7733-UDMTP,Female,1,No,No,106.05165846079717,No,No phone service,DSL,No,Yes,Yes,No,Yes,Yes,Month-to-month,Yes,Electronic check,63.24999999999999,3094.05,1
0431-APWVY,Female,0,Yes,Yes,77.05165846079717,Yes,No,Fiber optic,No,No,No,No,Yes,Yes,One year,Yes,Credit card (automatic),103.61499999999998,2598.95,1
5081-NWSUP,Female,0,No,No,59.051658460797164,Yes,No,DSL,No,Yes,No,Yes,No,Yes,One year,No,Credit card (automatic),74.635,685.55,1
2746-DIJLO,Female,0,No,No,90.05165846079717,Yes,Yes,DSL,No,Yes,No,No,No,No,One year,Yes,Electronic check,64.74499999999999,2364.0,0
7277-OZCGZ,Female,0,No,No,71.05165846079717,Yes,No,Fiber optic,Yes,No,No,Yes,No,Yes,Month-to-month,Yes,Credit card (automatic),102.40749999999998,1886.25,0
5236-PERKL,Female,0,No,No,106.05165846079717,Yes,Yes,Fiber optic,Yes,Yes,Yes,No,Yes,Yes,Two year,Yes,Electronic check,129.89249999999998,6465.0,0
2788-CJQAQ,Male,0,No,No,62.051658460797164,Yes,No,No,No internet service,No internet service,No internet service,No internet service,No internet service,No internet service,One year,No,Mailed check,22.367499999999996,270.2,1
3096-WPXBT,Female,0,Yes,Yes,110.05165846079717,Yes,Yes,Fiber optic,Yes,Yes,Yes,No,No,Yes,One year,Yes,Credit card (automatic),115.80499999999999,6018.65,0
9962-BFPDU,Female,0,Yes,Yes,50.051658460797164,Yes,No,No,No internet service,No internet service,No internet service,No internet service,No internet service,No internet service,Month-to-month,No,Bank transfer (automatic),23.057499999999997,20.05,0
2892-GESUL,Female,0,Yes,Yes,67.05165846079717,Yes,No,No,No internet service,No internet service,No internet service,No internet service,No internet service,No internet service,Two year,No,Mailed check,22.2525,309.25,0
9741-YLNTD,Male,0,No,No,55.051658460797164,Yes,Yes,Fiber optic,No,No,No,Yes,No,Yes,Month-to-month,Yes,Electronic check,101.1425,522.35,0
1205-WNWPJ,Female,0,No,No,56.051658460797164,Yes,No,DSL,No,No,No,Yes,Yes,No,Month-to-month,Yes,Bank transfer (automatic),68.425,415.95,1
3173-NVMPX,Female,0,Yes,Yes,58.051658460797164,Yes,Yes,DSL,No,Yes,No,No,No,No,Month-to-month,Yes,Credit card (automatic),63.59499999999999,501.2,0
9661-MHUMO,Male,1,Yes,Yes,50.051658460797164,Yes,No,DSL,No,No,No,Yes,No,No,Month-to-month,Yes,Credit card (automatic),56.637499999999996,49.25,0
6000-APYLU,Male,0,No,No,58.051658460797164,Yes,No,Fiber optic,No,No,No,No,No,Yes,Month-to-month,Yes,Mailed check,92.91999999999999,713.1,1
0048-PIHNL,Female,0,Yes,No,98.05165846079717,Yes,No,No,No internet service,No internet service,No internet service,No internet service,No internet service,No internet service,One year,No,Bank transfer (automatic),23.5175,900.9,0
9420-LOJKX,Female,0,No,No,64.05165846079717,Yes,No,Fiber optic,Yes,Yes,No,No,Yes,Yes,Month-to-month,Yes,Bank transfer (automatic),113.96499999999999,1426.4,1
7061-OVMIM,Female,0,Yes,Yes,79.05165846079717,Yes,No,No,No internet service,No internet service,No internet service,No internet service,No internet service,No internet service,One year,No,Credit card (automatic),22.482499999999998,608.5,0
5671-RQRLP,Female,1,Yes,No,119.05165846079717,Yes,Yes,Fiber optic,No,No,No,No,No,No,Two year,Yes,Credit card (automatic),86.9975,5411.4,0
5129-JLPIS,Male,0,No,No,74.05165846079717,Yes,No,Fiber optic,Yes,No,Yes,Yes,Yes,Yes,Month-to-month,Yes,Electronic check,121.32499999999999,2686.05,0
5170-PTRKA,Female,0,Yes,Yes,98.05165846079717,No,No phone service,DSL,Yes,No,No,Yes,No,No,One year,Yes,Electronic check,41.169999999999995,1782.0,0
4819-HJPIW,Male,0,No,No,67.05165846079717,No,No phone service,DSL,No,No,No,No,No,No,Month-to-month,No,Electronic check,28.922499999999996,476.8,1
8780-RSYYU,Female,0,No,No,74.05165846079717,Yes,No,No,No internet service,No internet service,No internet service,No internet service,No internet service,No internet service,Month-to-month,Yes,Bank transfer (automatic),22.08,532.1,1
2335-GSODA,Male,0,No,Yes,72.05165846079717,No,No phone service,DSL,Yes,No,Yes,Yes,No,No,Two year,No,Electronic check,46.114999999999995,857.75,0
5696-CEIQJ,Male,0,Yes,Yes,116.05165846079717,Yes,No,Fiber optic,No,Yes,Yes,Yes,Yes,Yes,Two year,No,Credit card (automatic),118.6225,6895.5,0
6169-PPETC,Male,0,Yes,Yes,84.05165846079717,Yes,No,No,No internet service,No internet service,No internet service,No internet service,No internet service,No internet service,Two year,No,Mailed check,23.575,759.35,0
4237-RLAQD,Male,0,No,No,50.051658460797164,Yes,No,DSL,No,No,No,No,No,No,Month-to-month,Yes,Mailed check,52.7275,45.85,1
7359-WWYJV,Male,0,Yes,No,121.05165846079717,Yes,Yes,Fiber optic,Yes,Yes,Yes,Yes,Yes,Yes,Two year,No,Electronic check,131.6175,8375.05,0
8620-RJPZN,Female,0,No,No,50.051658460797164,Yes,No,No,No internet service,No internet service,No internet service,No internet service,No internet service,No internet service,Month-to-month,No,Credit card (automatic),23.804999999999996,20.7,1
7426-WEIJX,Male,1,Yes,Yes,109.05165846079717,Yes,Yes,Fiber optic,Yes,No,No,No,No,No,Month-to-month,Yes,Electronic check,93.0925,4859.1,1
7629-WIXZF,Female,0,No,No,56.051658460797164,Yes,No,DSL,Yes,No,No,No,No,Yes,One year,Yes,Electronic check,67.965,369.25,0
2616-FLVQC,Male,0,No,No,113.05165846079717,Yes,No,No,No internet service,No internet service,No internet service,No internet service,No internet service,No internet service,Two year,No,Electronic check,22.482499999999998,1240.15,0
9163-GHAYE,Female,0,No,No,64.05165846079717,Yes,No,DSL,No,Yes,No,No,No,No,Month-to-month,No,Bank transfer (automatic),56.177499999999995,736.8,1
4464-JCOLN,Male,0,Yes,Yes,51.051658460797164,Yes,No,No,No internet service,No internet service,No internet service,No internet service,No internet service,No internet service,One year,No,Electronic check,22.8275,35.9,1
2971-SGAFL,Female,0,No,No,62.051658460797164,Yes,Yes,DSL,Yes,No,Yes,No,Yes,Yes,Month-to-month,Yes,Electronic check,90.5625,995.35,0
4735-ASGMA,Male,0,No,No,75.05165846079717,Yes,Yes,Fiber optic,No,No,Yes,No,Yes,Yes,Month-to-month,Yes,Bank transfer (automatic),113.10249999999998,2515.3,1
5245-VDBUR,Female,0,Yes,No,101.05165846079717,No,No phone service,DSL,Yes,No,Yes,No,No,No,One year,No,Electronic check,40.7675,1958.95,1
1493-AMTIE,Male,0,No,No,50.051658460797164,Yes,No,No,No internet service,No internet service,No internet service,No internet service,No internet service,No internet service,Month-to-month,Yes,Electronic check,23.229999999999997,20.2,1
1112-CUNAO,Female,1,No,No,64.05165846079717,Yes,Yes,Fiber optic,No,Yes,No,No,No,Yes,Month-to-month,No,Mailed check,103.32749999999999,1424.95,1
7571-YXDAD,Female,0,No,No,51.051658460797164,Yes,Yes,Fiber optic,No,No,No,No,No,No,Month-to-month,No,Electronic check,86.135,147.15,0
8714-EUHJO,Female,0,Yes,Yes,80.05165846079717,Yes,Yes,Fiber optic,No,Yes,No,No,No,Yes,Month-to-month,Yes,Electronic check,104.8225,2995.45,1
9040-KZVWO,Male,0,No,No,75.05165846079717,Yes,No,Fiber optic,No,Yes,No,No,No,No,One year,No,Bank transfer (automatic),86.82499999999999,2018.1,0
6713-OKOMC,Female,0,No,No,59.051658460797164,No,No phone service,DSL,Yes,No,No,No,No,No,Month-to-month,No,Credit card (automatic),34.2125,301.9,0
8749-CLJXC,Male,0,No,No,50.051658460797164,Yes,No,No,No internet service,No internet service,No internet service,No internet service,No internet service,No internet service,Month-to-month,No,Credit card (automatic),23.057499999999997,20.05,0
4713-LZDRV,Female,1,No,No,51.051658460797164,Yes,No,Fiber optic,No,No,No,No,No,Yes,Month-to-month,Yes,Electronic check,91.53999999999999,195.05,1
6598-RFFVI,Male,0,No,No,51.051658460797164,Yes,No,No,No internet service,No internet service,No internet service,No internet service,No internet service,No internet service,One year,No,Credit card (automatic),22.195,28.3,1
7470-MCQTK,Female,0,Yes,No,62.051658460797164,No,No phone service,DSL,No,No,Yes,No,Yes,Yes,Month-to-month,Yes,Mailed check,56.06249999999999,633.4,1
5524-KHNJP,Male,0,Yes,Yes,82.05165846079717,Yes,No,DSL,Yes,No,Yes,No,Yes,Yes,One year,No,Bank transfer (automatic),85.96249999999999,2453.3,0
1707-HABPF,Female,1,No,No,95.05165846079717,Yes,No,Fiber optic,No,Yes,Yes,No,Yes,No,One year,Yes,Mailed check,104.99499999999999,4126.35,0
4581-LNWUM,Female,0,No,No,62.051658460797164,No,No phone service,DSL,No,No,Yes,No,Yes,Yes,Month-to-month,No,Electronic check,56.522499999999994,649.4,1
9710-ZUSHQ,Female,1,No,No,86.05165846079717,Yes,Yes,Fiber optic,Yes,Yes,No,No,Yes,Yes,Month-to-month,Yes,Bank transfer (automatic),122.76249999999999,4056.75,1
1697-LYYYX,Female,0,Yes,Yes,110.05165846079717,Yes,No,No,No internet service,No internet service,No internet service,No internet service,No internet service,No internet service,One year,No,Mailed check,21.965,1143.8,0
4013-GUXND,Male,0,No,No,50.051658460797164,Yes,No,No,No internet service,No internet service,No internet service,No internet service,No internet service,No internet service,Month-to-month,No,Mailed check,23.919999999999998,20.8,0
5022-JNQEQ,Female,0,Yes,Yes,58.051658460797164,Yes,No,Fiber optic,No,No,No,Yes,No,No,Month-to-month,Yes,Bank transfer (automatic),87.22749999999999,647.5,0
4983-CCWMC,Male,0,No,No,52.051658460797164,Yes,No,Fiber optic,No,No,No,No,No,No,Month-to-month,Yes,Bank transfer (automatic),80.03999999999999,207.4,0
6345-FZOQH,Male,0,Yes,No,118.05165846079717,Yes,No,No,No internet service,No internet service,No internet service,No internet service,No internet service,No internet service,Two year,No,Electronic check,22.884999999999998,1363.45,0
0962-CQPWQ,Female,0,Yes,Yes,111.05165846079717,Yes,No,No,No internet service,No internet service,No internet service,No internet service,No internet service,No internet service,Two year,No,Credit card (automatic),23.345,1296.15,0
5495-GPSRW,Male,0,No,No,69.05165846079717,Yes,No,No,No internet service,No internet service,No internet service,No internet service,No internet service,No internet service,Two year,Yes,Credit card (automatic),22.654999999999998,419.4,0
2252-JHJGE,Male,0,No,No,110.05165846079717,Yes,Yes,Fiber optic,Yes,No,Yes,No,Yes,Yes,One year,No,Electronic check,119.6,6363.45,0
7356-AYNJP,Female,0,No,No,53.051658460797164,Yes,Yes,No,No internet service,No internet service,No internet service,No internet service,No internet service,No internet service,One year,No,Credit card (automatic),27.484999999999996,97.5,0
2019-HDCZY,Male,0,Yes,No,112.05165846079717,Yes,Yes,Fiber optic,No,No,Yes,No,Yes,Yes,Two year,No,Credit card (automatic),117.98999999999998,6296.75,0
8582-KRHPJ,Male,0,No,No,99.05165846079717,No,No phone service,DSL,Yes,Yes,No,No,No,No,Month-to-month,Yes,Bank transfer (automatic),40.25,1782.4,0
2867-UIMSS,Male,0,No,No,50.051658460797164,Yes,No,Fiber optic,No,No,No,No,No,Yes,Month-to-month,No,Electronic check,92.57499999999999,80.5,1
3487-EARAT,Female,0,Yes,Yes,119.05165846079717,Yes,No,DSL,Yes,Yes,Yes,Yes,No,Yes,One year,No,Bank transfer (automatic),85.21499999999999,5222.3,0
9926-PJHDQ,Female,0,Yes,Yes,121.05165846079717,Yes,Yes,DSL,No,No,Yes,No,Yes,Yes,Two year,Yes,Electronic check,88.32,5468.45,0
0289-IVARM,Female,0,No,No,84.05165846079717,Yes,No,DSL,Yes,Yes,Yes,No,No,No,Month-to-month,No,Mailed check,69.6325,1982.6,1
4672-FOTSD,Male,0,No,No,61.051658460797164,Yes,Yes,DSL,Yes,Yes,No,Yes,No,No,Month-to-month,Yes,Mailed check,77.33749999999999,832.3,1
6198-PNNSZ,Female,0,Yes,No,105.05165846079717,Yes,Yes,Fiber optic,Yes,Yes,Yes,No,Yes,Yes,One year,No,Electronic check,126.26999999999998,6109.65,1
7603-USHJS,Male,0,No,Yes,61.051658460797164,Yes,Yes,Fiber optic,No,No,No,No,No,No,Month-to-month,Yes,Mailed check,84.8125,871.4,1
6784-XYJAE,Female,0,No,No,85.05165846079717,Yes,Yes,DSL,No,No,Yes,No,No,No,One year,No,Bank transfer (automatic),64.16999999999999,1941.5,0
3858-XHYJO,Female,0,Yes,No,89.05165846079717,Yes,Yes,Fiber optic,Yes,No,Yes,No,Yes,Yes,One year,No,Mailed check,121.6125,4228.55,0
1087-UDSIH,Female,0,No,No,52.051658460797164,Yes,No,No,No internet service,No internet service,No internet service,No internet service,No internet service,No internet service,Month-to-month,Yes,Credit card (automatic),22.54,59.75,1
7251-LJBQN,Female,1,No,No,89.05165846079717,Yes,Yes,Fiber optic,No,No,Yes,Yes,Yes,Yes,One year,Yes,Electronic check,119.31249999999999,4188.4,0
3200-MNQTF,Male,0,Yes,No,116.05165846079717,Yes,Yes,DSL,Yes,Yes,Yes,Yes,No,No,Two year,No,Credit card (automatic),81.535,4677.1,0
9359-UGBTK,Female,0,No,No,116.05165846079717,Yes,No,DSL,Yes,No,Yes,Yes,No,Yes,One year,Yes,Mailed check,83.20249999999999,4991.5,0
8160-HOWOX,Female,0,No,No,56.051658460797164,Yes,No,DSL,No,No,No,No,Yes,Yes,Month-to-month,Yes,Electronic check,76.87749999999998,458.1,0
0258-NOKBL,Male,0,No,No,52.051658460797164,Yes,No,Fiber optic,No,Yes,Yes,No,No,Yes,Month-to-month,No,Mailed check,103.96,268.45,1
2800-QQUSO,Male,0,No,No,91.05165846079717,Yes,Yes,Fiber optic,No,No,No,Yes,Yes,Yes,Month-to-month,Yes,Electronic check,115.34499999999998,4222.95,0
2129-ALKBS,Female,0,Yes,Yes,89.05165846079717,Yes,Yes,No,No internet service,No internet service,No internet service,No internet service,No internet service,No internet service,Month-to-month,Yes,Credit card (automatic),30.129999999999995,1077.5,0
9972-VAFJJ,Female,1,Yes,No,102.05165846079717,Yes,No,Fiber optic,No,Yes,Yes,Yes,Yes,No,One year,Yes,Mailed check,108.1,4871.45,0
4693-VWVBO,Female,0,No,No,52.051658460797164,Yes,No,No,No internet service,No internet service,No internet service,No internet service,No internet service,No internet service,Month-to-month,No,Electronic check,22.482499999999998,61.05,1
6969-MVBAI,Female,1,No,No,58.051658460797164,Yes,Yes,Fiber optic,No,No,Yes,No,Yes,No,Month-to-month,Yes,Bank transfer (automatic),103.61499999999998,816.8,0
4821-WQOYN,Female,0,Yes,Yes,121.05165846079717,Yes,No,No,No internet service,No internet service,No internet service,No internet service,No internet service,No internet service,Two year,Yes,Mailed check,23.115,1326.25,0
6769-DYBQN,Male,1,No,No,95.05165846079717,Yes,No,Fiber optic,Yes,No,No,No,No,Yes,Month-to-month,No,Credit card (automatic),97.74999999999999,3969.4,1
4018-PPNDW,Female,0,Yes,Yes,110.05165846079717,Yes,Yes,No,No internet service,No internet service,No internet service,No internet service,No internet service,No internet service,Two year,Yes,Electronic check,27.715,1551.6,0
6288-CHQJB,Female,0,Yes,Yes,103.05165846079717,Yes,No,DSL,Yes,No,Yes,Yes,No,Yes,Two year,No,Mailed check,80.4425,3871.85,0
4905-JEFDW,Male,0,No,No,60.051658460797164,No,No phone service,DSL,No,No,Yes,No,Yes,No,One year,Yes,Mailed check,47.839999999999996,470.6,1
0559-CKHUS,Female,0,Yes,No,78.05165846079717,Yes,No,No,No internet service,No internet service,No internet service,No internet service,No internet service,No internet service,Two year,Yes,Mailed check,22.482499999999998,521.8,0
2659-VXMWZ,Male,0,Yes,Yes,116.05165846079717,Yes,Yes,Fiber optic,Yes,Yes,Yes,No,Yes,Yes,One year,Yes,Mailed check,127.99499999999999,7482.1,1
6559-RAKOZ,Male,0,Yes,Yes,98.05165846079717,Yes,Yes,Fiber optic,No,No,No,Yes,Yes,Yes,One year,Yes,Electronic check,112.6425,4917.9,0
8809-XKHMD,Male,0,Yes,No,121.05165846079717,Yes,Yes,Fiber optic,Yes,Yes,No,Yes,No,Yes,Two year,Yes,Electronic check,115.6325,7325.1,0
6365-HITVU,Female,0,Yes,Yes,120.05165846079717,Yes,No,DSL,Yes,Yes,Yes,Yes,Yes,Yes,Two year,No,Electronic check,100.33749999999999,6328.7,0
0134-XWXCE,Female,1,No,No,93.05165846079717,Yes,No,DSL,No,No,Yes,Yes,Yes,Yes,One year,No,Electronic check,86.07749999999999,3268.05,0
9720-JJJOR,Male,0,Yes,Yes,90.05165846079717,Yes,No,DSL,Yes,Yes,Yes,No,No,No,One year,Yes,Bank transfer (automatic),69.34499999999998,2511.3,0
2782-LFZVW,Female,0,No,No,60.051658460797164,Yes,Yes,DSL,No,No,No,No,No,Yes,Month-to-month,Yes,Electronic check,67.7925,601.6,0
6112-KTHFQ,Female,0,No,No,62.051658460797164,Yes,No,No,No internet service,No internet service,No internet service,No internet service,No internet service,No internet service,Month-to-month,Yes,Credit card (automatic),22.195,279.3,0
9220-ZNKJI,Female,1,Yes,No,104.05165846079717,Yes,No,Fiber optic,No,No,Yes,Yes,Yes,No,Two year,No,Credit card (automatic),102.11999999999999,4805.3,1
9820-RMCQV,Female,0,No,No,60.051658460797164,Yes,No,DSL,Yes,No,No,No,No,No,Month-to-month,No,Electronic check,55.83249999999999,501.0,1
9013-AQORL,Female,0,No,Yes,97.05165846079717,No,No phone service,DSL,No,Yes,Yes,No,No,Yes,Month-to-month,No,Bank transfer (automatic),52.38249999999999,2108.35,0
2040-OBMLJ,Male,0,No,No,80.05165846079717,Yes,Yes,Fiber optic,No,No,No,Yes,No,No,One year,No,Credit card (automatic),93.955,2548.65,0
5574-NXZIU,Male,0,No,No,112.05165846079717,Yes,No,Fiber optic,Yes,Yes,Yes,Yes,Yes,Yes,Two year,No,Mailed check,125.58,7049.75,0
5446-DKWYW,Female,1,Yes,Yes,110.05165846079717,Yes,Yes,DSL,No,No,Yes,No,Yes,No,One year,Yes,Mailed check,74.98,3965.05,0
0480-KYJVA,Female,0,Yes,Yes,121.05165846079717,Yes,Yes,No,No internet service,No internet service,No internet service,No internet service,No internet service,No internet service,Two year,No,Electronic check,27.8875,1784.5,0
1074-AMIOH,Female,0,Yes,Yes,102.05165846079717,Yes,No,Fiber optic,No,Yes,Yes,Yes,Yes,Yes,Month-to-month,Yes,Bank transfer (automatic),124.4875,5935.1,0
0015-UOCOJ,Female,1,No,No,56.051658460797164,Yes,No,DSL,Yes,No,No,No,No,No,Month-to-month,Yes,Electronic check,55.43,340.35,1
0256-LTHVJ,Female,0,Yes,Yes,77.05165846079717,Yes,No,Fiber optic,No,No,No,No,No,Yes,Month-to-month,Yes,Mailed check,93.2075,2227.1,1
4547-LYTDD,Female,0,No,No,65.05165846079717,Yes,Yes,Fiber optic,No,No,No,No,No,No,Month-to-month,No,Bank transfer (automatic),83.5475,1194.3,1
1077-HUUJM,Female,0,No,Yes,56.051658460797164,Yes,No,Fiber optic,No,No,No,No,No,No,Month-to-month,Yes,Credit card (automatic),81.7075,472.65,0
2041-JIJCI,Female,0,No,No,54.051658460797164,Yes,Yes,DSL,No,Yes,No,No,No,Yes,Month-to-month,Yes,Mailed check,73.6,370.25,0
1555-HAPSU,Female,0,Yes,Yes,120.05165846079717,Yes,Yes,No,No internet service,No internet service,No internet service,No internet service,No internet service,No internet service,Two year,No,Mailed check,27.484999999999996,1663.5,0
4323-SADQS,Male,0,Yes,Yes,56.051658460797164,No,No phone service,DSL,Yes,No,No,Yes,No,No,Month-to-month,Yes,Electronic check,39.675,279.25,1
3292-PBZEJ,Male,1,No,No,60.051658460797164,Yes,Yes,Fiber optic,No,Yes,Yes,Yes,Yes,Yes,Month-to-month,Yes,Mailed check,128.10999999999999,1183.05,0
6203-HBZPA,Male,0,No,No,101.05165846079717,No,No phone service,DSL,Yes,Yes,Yes,Yes,Yes,Yes,Two year,No,Credit card (automatic),73.485,3334.95,0
9755-JHNMN,Female,0,No,No,98.05165846079717,Yes,No,DSL,Yes,Yes,Yes,Yes,No,No,Two year,No,Mailed check,77.51,3306.85,0
7369-TRPFD,Male,0,No,No,68.05165846079717,Yes,No,No,No internet service,No internet service,No internet service,No internet service,No internet service,No internet service,One year,No,Electronic check,21.619999999999997,279.2,0
9878-TNQGW,Male,0,No,No,51.051658460797164,Yes,No,Fiber optic,No,No,No,No,No,Yes,Month-to-month,Yes,Mailed check,93.0925,171.15,1
2279-AXJJK,Male,0,Yes,No,101.05165846079717,Yes,Yes,Fiber optic,No,Yes,No,Yes,No,Yes,Month-to-month,Yes,Mailed check,109.9975,5088.4,0
5016-IBERQ,Male,0,Yes,No,72.05165846079717,Yes,Yes,Fiber optic,No,Yes,Yes,No,No,No,Month-to-month,No,Credit card (automatic),96.88749999999999,1968.1,1
1016-DJTSV,Male,1,No,No,57.051658460797164,Yes,No,Fiber optic,No,No,No,No,No,No,Month-to-month,Yes,Electronic check,80.155,572.85,0
8433-WPJTV,Female,1,Yes,Yes,114.05165846079717,Yes,Yes,Fiber optic,No,No,Yes,Yes,Yes,Yes,One year,Yes,Bank transfer (automatic),119.485,6767.1,0
8903-XEBGX,Male,0,No,Yes,51.051658460797164,Yes,No,DSL,No,No,No,No,No,Yes,Month-to-month,Yes,Bank transfer (automatic),63.59499999999999,108.65,0
2632-TACXW,Female,0,Yes,No,111.05165846079717,Yes,Yes,No,No internet service,No internet service,No internet service,No internet service,No internet service,No internet service,Two year,No,Bank transfer (automatic),27.197499999999998,1416.75,0
7952-OBOYL,Male,0,No,No,52.051658460797164,Yes,No,Fiber optic,No,No,Yes,Yes,Yes,No,Month-to-month,Yes,Credit card (automatic),103.32749999999999,244.45,1
1470-PSXNM,Male,0,Yes,Yes,98.05165846079717,Yes,Yes,Fiber optic,No,Yes,Yes,No,Yes,No,One year,Yes,Electronic check,107.6975,4520.15,0
6227-HWPWX,Female,0,No,Yes,64.05165846079717,Yes,No,Fiber optic,No,No,No,No,No,No,Month-to-month,No,Credit card (automatic),79.35,994.8,1
5924-SNGKP,Female,0,No,Yes,90.05165846079717,Yes,No,No,No internet service,No internet service,No internet service,No internet service,No internet service,No internet service,One year,Yes,Credit card (automatic),23.287499999999998,865.0,1
8818-DOPVL,Female,1,No,No,95.05165846079717,Yes,Yes,Fiber optic,No,Yes,Yes,No,Yes,Yes,Month-to-month,Yes,Electronic check,120.11749999999999,4863.85,0
4521-WFJAI,Male,0,No,No,105.05165846079717,Yes,Yes,No,No internet service,No internet service,No internet service,No internet service,No internet service,No internet service,Two year,Yes,Electronic check,29.842499999999998,1444.05,0
4724-WXVWF,Male,0,No,No,97.05165846079717,Yes,Yes,Fiber optic,Yes,No,No,Yes,No,Yes,Month-to-month,Yes,Mailed check,109.71,4445.3,0
3717-OEAUQ,Male,0,No,No,51.051658460797164,Yes,No,Fiber optic,No,No,No,No,No,No,Month-to-month,No,Mailed check,81.30499999999999,129.2,0
8165-ZJRNM,Female,0,Yes,Yes,121.05165846079717,Yes,Yes,No,No internet service,No internet service,No internet service,No internet service,No internet service,No internet service,Two year,No,Mailed check,27.312499999999996,1679.25,0
7838-LAZFO,Male,0,Yes,No,94.05165846079717,Yes,No,DSL,Yes,Yes,Yes,No,Yes,Yes,One year,No,Bank transfer (automatic),90.61999999999999,3597.5,0
0513-RBGPE,Male,0,Yes,Yes,86.05165846079717,Yes,Yes,DSL,Yes,No,Yes,Yes,No,No,Two year,Yes,Bank transfer (automatic),72.21999999999998,2278.75,0
7251-XFOIL,Female,0,No,No,110.05165846079717,Yes,Yes,Fiber optic,No,No,Yes,No,No,Yes,Month-to-month,No,Electronic check,102.58,5500.6,0
2525-GVKQU,Female,0,No,No,109.05165846079717,Yes,No,No,No internet service,No internet service,No internet service,No internet service,No internet service,No internet service,Two year,No,Bank transfer (automatic),23.69,1093.0,0
7579-OOPEC,Female,1,Yes,No,51.051658460797164,Yes,No,DSL,No,Yes,No,No,No,No,Month-to-month,No,Electronic check,57.67249999999999,115.1,1
3795-GWTRD,Female,0,Yes,Yes,112.05165846079717,Yes,No,DSL,Yes,Yes,Yes,Yes,Yes,No,Two year,No,Electronic check,86.8825,4707.85,0
4750-ZRXIU,Female,1,No,No,53.051658460797164,Yes,Yes,Fiber optic,No,No,No,No,No,Yes,Month-to-month,Yes,Electronic check,97.28999999999999,360.1,0
5445-PZWGX,Male,0,No,No,111.05165846079717,Yes,Yes,Fiber optic,Yes,Yes,No,Yes,No,Yes,One year,No,Bank transfer (automatic),117.3,6529.25,1
0516-UXRMT,Female,0,No,No,111.05165846079717,Yes,Yes,Fiber optic,Yes,Yes,Yes,No,No,No,One year,Yes,Mailed check,105.85749999999999,5755.8,0
0727-BNRLG,Male,0,No,No,118.05165846079717,Yes,Yes,Fiber optic,No,Yes,Yes,Yes,Yes,No,Two year,Yes,Mailed check,112.2975,6743.55,0
3932-CMDTD,Female,0,No,No,53.051658460797164,Yes,No,Fiber optic,No,Yes,Yes,Yes,Yes,Yes,One year,Yes,Electronic check,121.4975,443.9,1
1264-FUHCX,Female,0,Yes,No,98.05165846079717,No,No phone service,DSL,No,Yes,No,Yes,Yes,Yes,One year,Yes,Bank transfer (automatic),64.74499999999999,2780.6,1
6194-HBGQN,Male,0,No,No,100.05165846079717,Yes,Yes,DSL,Yes,Yes,Yes,Yes,Yes,No,One year,Yes,Credit card (automatic),93.3225,4126.2,0
4524-QCSSM,Male,0,No,No,75.05165846079717,No,No phone service,DSL,Yes,Yes,No,No,No,Yes,Month-to-month,Yes,Mailed check,51.3475,1156.55,0
4570-QHXHL,Female,0,No,No,58.051658460797164,Yes,No,DSL,No,No,No,No,No,No,Month-to-month,Yes,Credit card (automatic),50.31249999999999,405.7,0
2972-YDYUW,Female,0,No,No,106.05165846079717,Yes,Yes,Fiber optic,No,Yes,No,Yes,No,Yes,One year,No,Electronic check,108.905,5468.95,0
2061-VVFST,Female,0,Yes,No,86.05165846079717,Yes,No,No,No internet service,No internet service,No internet service,No internet service,No internet service,No internet service,Month-to-month,No,Electronic check,22.424999999999997,805.2,0
6874-SGLHU,Male,0,No,No,79.05165846079717,Yes,No,Fiber optic,No,Yes,No,No,Yes,Yes,One year,Yes,Electronic check,111.55,3021.3,0
9844-FELAJ,Female,1,Yes,Yes,119.05165846079717,Yes,Yes,Fiber optic,No,Yes,Yes,Yes,Yes,Yes,One year,Yes,Electronic check,124.085,7475.85,0
1902-XBTFB,Male,0,No,Yes,71.05165846079717,Yes,No,Fiber optic,No,Yes,Yes,No,Yes,No,Month-to-month,Yes,Electronic check,102.81,2001.5,1
9039-RBEEE,Male,0,No,No,88.05165846079717,No,No phone service,DSL,Yes,Yes,No,Yes,Yes,No,Month-to-month,Yes,Mailed check,56.2925,1880.85,1
9369-XFEHK,Female,1,Yes,No,82.05165846079717,Yes,Yes,Fiber optic,No,Yes,No,No,No,No,Month-to-month,Yes,Electronic check,92.68999999999998,2656.5,1
3680-CTHUH,Male,0,No,No,109.05165846079717,Yes,Yes,Fiber optic,Yes,Yes,Yes,Yes,Yes,Yes,One year,Yes,Mailed check,134.08999999999997,7049.5,0
3679-XASPY,Female,0,Yes,Yes,50.051658460797164,Yes,No,No,No internet service,No internet service,No internet service,No internet service,No internet service,No internet service,Month-to-month,No,Mailed check,22.367499999999996,19.45,0
9089-UOWJG,Female,0,Yes,Yes,61.051658460797164,Yes,No,DSL,No,No,Yes,No,Yes,No,Month-to-month,Yes,Electronic check,67.10249999999999,740.55,0
1574-DYCWE,Female,0,Yes,Yes,100.05165846079717,Yes,No,No,No internet service,No internet service,No internet service,No internet service,No internet service,No internet service,Two year,No,Bank transfer (automatic),22.9425,1028.75,0
9779-DPNEJ,Female,0,Yes,Yes,71.05165846079717,Yes,No,Fiber optic,No,No,No,No,No,Yes,Month-to-month,Yes,Electronic check,92.1725,1790.65,0
2967-MXRAV,Male,0,Yes,Yes,50.051658460797164,Yes,No,No,No internet service,No internet service,No internet service,No internet service,No internet service,No internet service,One year,No,Credit card (automatic),21.619999999999997,18.8,1
0327-WFZSY,Male,0,Yes,Yes,88.05165846079717,Yes,Yes,Fiber optic,No,No,Yes,No,Yes,Yes,One year,No,Electronic check,114.99999999999999,3835.55,0
1731-TVIUK,Female,0,No,No,53.051658460797164,Yes,Yes,Fiber optic,No,Yes,No,Yes,No,Yes,Month-to-month,Yes,Mailed check,107.52499999999999,362.2,0
7666-WKRON,Female,0,No,No,88.05165846079717,Yes,No,Fiber optic,No,No,Yes,Yes,No,No,Two year,Yes,Bank transfer (automatic),92.5175,3201.55,1
3865-ZYKAD,Male,1,Yes,No,118.05165846079717,Yes,Yes,Fiber optic,Yes,Yes,No,No,No,No,Month-to-month,Yes,Bank transfer (automatic),97.635,5785.65,0
1465-LNTLJ,Male,1,Yes,No,57.051658460797164,Yes,No,DSL,No,No,Yes,Yes,No,Yes,Month-to-month,Yes,Credit card (automatic),74.06,581.7,0
2696-RZVZW,Male,0,Yes,No,117.05165846079717,Yes,Yes,No,No internet service,No internet service,No internet service,No internet service,No internet service,No internet service,Two year,No,Mailed check,28.807499999999997,1629.2,0
0685-MLYYM,Female,1,No,No,51.051658460797164,Yes,No,Fiber optic,No,No,No,No,No,No,Month-to-month,No,Electronic check,81.3625,154.85,1
2778-OCLGR,Male,1,Yes,No,73.05165846079717,No,No phone service,DSL,Yes,No,No,No,No,Yes,Month-to-month,No,Bank transfer (automatic),44.964999999999996,971.3,1
3982-XWFZQ,Female,0,Yes,No,91.05165846079717,Yes,Yes,DSL,No,No,No,No,No,No,Month-to-month,Yes,Credit card (automatic),57.787499999999994,2203.65,1
4759-PXTAN,Female,0,Yes,No,108.05165846079717,Yes,Yes,DSL,No,Yes,No,Yes,Yes,Yes,One year,Yes,Mailed check,92.11499999999998,4693.2,0
1448-PWKYE,Male,0,Yes,Yes,50.051658460797164,Yes,No,Fiber optic,No,No,No,No,No,Yes,Month-to-month,No,Credit card (automatic),92.0,80.0,1
8741-LQOBK,Female,0,Yes,Yes,95.05165846079717,No,No phone service,DSL,Yes,Yes,No,No,No,No,Month-to-month,No,Electronic check,40.30749999999999,1620.25,0
8650-RHRKE,Male,0,No,No,53.051658460797164,No,No phone service,DSL,No,No,Yes,No,No,No,Month-to-month,Yes,Credit card (automatic),34.0975,118.5,1
7266-GSSJX,Male,0,Yes,Yes,60.051658460797164,Yes,No,No,No internet service,No internet service,No internet service,No internet service,No internet service,No internet service,Month-to-month,Yes,Credit card (automatic),23.5175,250.8,0
1265-HVPZB,Male,0,Yes,No,108.05165846079717,Yes,No,DSL,Yes,Yes,Yes,No,Yes,No,One year,No,Credit card (automatic),76.36,3958.2,1
9640-ZSLDC,Female,0,Yes,Yes,102.05165846079717,Yes,No,DSL,No,No,Yes,No,No,Yes,One year,No,Mailed check,69.69,3297.0,0
0988-JRWWP,Female,0,No,No,52.051658460797164,Yes,No,DSL,No,No,No,No,Yes,No,Month-to-month,Yes,Bank transfer (automatic),62.33,140.4,0
1926-QUZNN,Female,0,Yes,No,121.05165846079717,Yes,Yes,No,No internet service,No internet service,No internet service,No internet service,No internet service,No internet service,Two year,Yes,Electronic check,29.037499999999998,1841.2,0
9025-ZRPVR,Male,0,No,No,58.051658460797164,Yes,No,No,No internet service,No internet service,No internet service,No internet service,No internet service,No internet service,Month-to-month,Yes,Electronic check,21.792499999999997,185.6,0
6527-PZFPV,Male,0,Yes,Yes,73.05165846079717,Yes,No,No,No internet service,No internet service,No internet service,No internet service,No internet service,No internet service,One year,Yes,Mailed check,23.919999999999998,469.65,0
7460-ITWWP,Female,1,Yes,No,94.05165846079717,Yes,No,Fiber optic,No,No,Yes,No,No,Yes,Month-to-month,Yes,Credit card (automatic),99.01499999999999,3861.45,0
1530-ZTDOZ,Female,0,Yes,No,98.05165846079717,No,No phone service,DSL,Yes,No,No,No,Yes,No,Month-to-month,No,Credit card (automatic),46.747499999999995,2070.75,0
4785-FCIFB,Female,0,Yes,No,110.05165846079717,Yes,Yes,No,No internet service,No internet service,No internet service,No internet service,No internet service,No internet service,Two year,No,Electronic check,28.059999999999995,1417.9,0
9717-QEBGU,Male,0,No,No,51.051658460797164,Yes,No,Fiber optic,No,No,No,No,No,No,Month-to-month,Yes,Credit card (automatic),80.84499999999998,144.0,1
0876-WDUUZ,Female,0,No,No,54.051658460797164,Yes,No,Fiber optic,No,No,No,Yes,No,Yes,Month-to-month,Yes,Bank transfer (automatic),98.21,425.9,1
7881-EVUAD,Female,0,No,No,51.051658460797164,No,No phone service,DSL,Yes,Yes,No,No,No,Yes,Month-to-month,Yes,Electronic check,48.989999999999995,72.4,1
4002-BQWPQ,Male,0,No,No,74.05165846079717,Yes,Yes,DSL,Yes,Yes,Yes,Yes,No,Yes,Month-to-month,No,Mailed check,94.01249999999999,2028.8,1
6377-WHAOX,Female,0,Yes,No,109.05165846079717,Yes,Yes,Fiber optic,No,Yes,Yes,No,Yes,Yes,Month-to-month,Yes,Credit card (automatic),122.07249999999999,6411.25,0
5027-YOCXN,Male,0,Yes,Yes,100.05165846079717,Yes,Yes,Fiber optic,Yes,Yes,No,Yes,Yes,Yes,One year,No,Mailed check,126.55749999999999,5686.4,0
8450-JOVAH,Male,0,Yes,Yes,51.051658460797164,Yes,Yes,DSL,Yes,No,No,No,No,No,Month-to-month,No,Bank transfer (automatic),65.205,113.55,0
6646-QVXLR,Male,1,Yes,No,111.05165846079717,Yes,Yes,Fiber optic,No,Yes,Yes,No,Yes,Yes,One year,Yes,Mailed check,119.31249999999999,6383.35,1
0254-KCJGT,Male,0,Yes,No,101.05165846079717,Yes,Yes,DSL,Yes,Yes,Yes,Yes,No,Yes,One year,Yes,Electronic check,93.61,4354.45,0
3442-ZHHCC,Male,0,No,No,117.05165846079717,Yes,Yes,DSL,Yes,Yes,Yes,No,No,Yes,One year,Yes,Credit card (automatic),88.435,5023.0,0
9167-APMXZ,Female,0,No,No,71.05165846079717,Yes,Yes,Fiber optic,No,No,No,No,Yes,No,Month-to-month,Yes,Bank transfer (automatic),96.7725,1821.95,0
0616-ATFGB,Male,1,Yes,No,50.051658460797164,No,No phone service,DSL,No,No,No,No,No,No,Month-to-month,No,Credit card (automatic),28.807499999999997,25.05,1
7273-TEFQD,Male,1,No,No,52.051658460797164,No,No phone service,DSL,No,No,Yes,No,No,Yes,Month-to-month,Yes,Electronic check,47.3225,132.2,1
8245-UMPYT,Female,1,No,No,65.05165846079717,Yes,Yes,Fiber optic,No,No,No,No,Yes,Yes,Month-to-month,Yes,Bank transfer (automatic),110.86,1581.2,1
6022-UGGSO,Female,1,No,No,81.05165846079717,Yes,No,Fiber optic,No,Yes,No,No,No,No,Month-to-month,Yes,Mailed check,85.56,2276.95,1
6292-TOSSS,Male,0,No,No,99.05165846079717,Yes,Yes,No,No internet service,No internet service,No internet service,No internet service,No internet service,No internet service,Two year,No,Bank transfer (automatic),28.634999999999994,1195.25,0
5207-PLSTK,Male,0,Yes,Yes,50.051658460797164,Yes,No,DSL,Yes,No,No,No,No,No,Month-to-month,Yes,Credit card (automatic),56.06249999999999,48.75,0
3908-BLSYF,Female,0,No,No,55.051658460797164,Yes,No,Fiber optic,No,No,Yes,No,No,Yes,Month-to-month,No,Credit card (automatic),96.485,497.55,1
4317-VTEOA,Male,0,No,No,50.051658460797164,Yes,No,DSL,No,Yes,No,No,No,No,Month-to-month,Yes,Bank transfer (automatic),58.3625,50.75,0
0625-AFOHS,Female,0,Yes,Yes,78.05165846079717,Yes,No,No,No internet service,No internet service,No internet service,No internet service,No internet service,No internet service,Two year,No,Electronic check,23.229999999999997,558.8,0
4667-OHGKG,Male,0,No,No,50.051658460797164,Yes,No,No,No internet service,No internet service,No internet service,No internet service,No internet service,No internet service,Month-to-month,Yes,Mailed check,22.195,19.3,1
2386-OWURY,Female,0,No,No,107.05165846079717,Yes,No,Fiber optic,No,No,No,Yes,Yes,Yes,Month-to-month,Yes,Bank transfer (automatic),109.59499999999998,5817.7,0
3780-DDGSE,Male,1,Yes,Yes,84.05165846079717,Yes,No,DSL,No,Yes,No,Yes,Yes,Yes,Month-to-month,Yes,Credit card (automatic),87.4575,2747.2,0
1047-RNXZV,Male,0,No,No,92.05165846079717,Yes,No,No,No internet service,No internet service,No internet service,No internet service,No internet service,No internet service,Two year,No,Electronic check,22.482499999999998,876.15,0
3926-YZVVX,Female,0,No,No,90.05165846079717,Yes,No,DSL,No,No,No,Yes,No,No,One year,No,Electronic check,57.55749999999999,2029.05,0
4742-TXUEX,Female,0,Yes,Yes,96.05165846079717,Yes,No,No,No internet service,No internet service,No internet service,No internet service,No internet service,No internet service,Two year,No,Credit card (automatic),22.195,890.5,0
8709-KRDVL,Female,0,No,No,82.05165846079717,Yes,Yes,Fiber optic,No,Yes,No,No,Yes,Yes,Month-to-month,Yes,Credit card (automatic),114.99999999999999,3320.6,1
0397-ZXWQF,Male,0,No,No,116.05165846079717,Yes,No,No,No internet service,No internet service,No internet service,No internet service,No internet service,No internet service,Two year,No,Electronic check,23.575,1430.95,0
3910-MRQOY,Female,0,Yes,No,121.05165846079717,Yes,No,No,No internet service,No internet service,No internet service,No internet service,No internet service,No internet service,Two year,No,Mailed check,22.309999999999995,1496.45,0
2511-MORQY,Male,0,Yes,Yes,99.05165846079717,Yes,Yes,DSL,No,No,Yes,No,No,No,One year,No,Bank transfer (automatic),63.13499999999999,2614.1,0
4039-PIMHX,Male,1,Yes,No,98.05165846079717,Yes,No,DSL,No,Yes,No,No,No,No,Two year,No,Credit card (automatic),57.26999999999999,2398.4,0
8083-YTZES,Male,0,No,No,53.051658460797164,Yes,Yes,Fiber optic,No,No,No,No,No,No,Month-to-month,Yes,Bank transfer (automatic),85.50249999999998,265.35,0
1346-PJWTK,Male,0,Yes,No,110.05165846079717,Yes,No,Fiber optic,No,Yes,Yes,Yes,No,Yes,Month-to-month,No,Electronic check,108.2725,5731.85,0
3750-YHRYO,Male,0,Yes,Yes,56.051658460797164,Yes,No,No,No internet service,No internet service,No internet service,No internet service,No internet service,No internet service,One year,No,Mailed check,23.747499999999995,150.0,0
1236-WFCDV,Male,1,No,No,63.051658460797164,Yes,No,Fiber optic,No,No,No,No,Yes,Yes,Month-to-month,No,Electronic check,104.0175,1266.1,1
5949-HGVJL,Female,0,Yes,No,75.05165846079717,Yes,No,DSL,No,Yes,No,Yes,Yes,Yes,Month-to-month,Yes,Credit card (automatic),84.0075,1959.5,0
9112-WSNPU,Female,1,No,No,84.05165846079717,Yes,No,Fiber optic,No,No,No,No,No,No,Month-to-month,No,Bank transfer (automatic),81.1325,2419.0,0
1360-JYXKQ,Female,1,Yes,No,103.05165846079717,Yes,No,Fiber optic,No,No,Yes,Yes,Yes,Yes,One year,Yes,Electronic check,113.96499999999999,5437.1,0
3585-ISXZP,Female,0,No,No,57.051658460797164,Yes,Yes,Fiber optic,No,No,No,No,Yes,Yes,Month-to-month,No,Electronic check,109.9975,778.1,1
8380-PEFPE,Male,0,No,Yes,50.051658460797164,Yes,No,Fiber optic,No,No,No,No,No,No,Month-to-month,Yes,Bank transfer (automatic),82.3975,71.65,1
9402-ROUMJ,Female,0,Yes,Yes,116.05165846079717,Yes,Yes,Fiber optic,Yes,No,Yes,Yes,No,Yes,One year,Yes,Electronic check,115.2875,6689.0,1
4335-UPJSI,Female,0,No,Yes,73.05165846079717,Yes,No,No,No internet service,No internet service,No internet service,No internet service,No internet service,No internet service,Two year,No,Credit card (automatic),22.7125,498.1,0
6096-EGVTU,Female,0,Yes,Yes,113.05165846079717,Yes,Yes,No,No internet service,No internet service,No internet service,No internet service,No internet service,No internet service,One year,No,Mailed check,28.634999999999994,1595.5,1
8988-ECPJR,Female,1,Yes,Yes,83.05165846079717,Yes,Yes,Fiber optic,No,Yes,No,No,No,No,Month-to-month,Yes,Electronic check,91.53999999999999,2718.3,1
7677-SJJJK,Male,0,Yes,Yes,57.051658460797164,Yes,No,No,No internet service,No internet service,No internet service,No internet service,No internet service,No internet service,One year,No,Mailed check,22.884999999999998,153.95,0
5850-BDWCY,Female,0,No,No,55.051658460797164,Yes,No,No,No internet service,No internet service,No internet service,No internet service,No internet service,No internet service,Month-to-month,No,Electronic check,23.229999999999997,123.65,0
2025-JKFWI,Male,0,No,No,62.051658460797164,Yes,Yes,Fiber optic,No,No,No,Yes,Yes,Yes,Month-to-month,Yes,Electronic check,113.85,1301.7,1
8028-PNXHQ,Male,0,Yes,Yes,111.05165846079717,Yes,Yes,No,No internet service,No internet service,No internet service,No internet service,No internet service,No internet service,Two year,Yes,Electronic check,27.8875,1424.6,0
8397-MVTAZ,Male,0,Yes,No,83.05165846079717,Yes,Yes,Fiber optic,No,No,Yes,No,Yes,Yes,Month-to-month,Yes,Mailed check,115.05749999999999,3480.0,1
4445-ZJNMU,Male,0,No,No,58.051658460797164,Yes,Yes,Fiber optic,No,Yes,No,No,Yes,Yes,Month-to-month,Yes,Electronic check,114.195,918.75,0
3125-RAHBV,Male,0,No,No,71.05165846079717,Yes,No,No,No internet service,No internet service,No internet service,No internet service,No internet service,No internet service,One year,No,Mailed check,23.345,467.15,0
6682-QJDGB,Male,0,No,Yes,89.05165846079717,Yes,No,DSL,Yes,Yes,No,No,No,No,Month-to-month,Yes,Electronic check,63.537499999999994,2139.2,1
8840-DQLGN,Female,1,Yes,No,84.05165846079717,Yes,Yes,Fiber optic,Yes,Yes,No,Yes,Yes,No,Month-to-month,Yes,Bank transfer (automatic),115.57499999999999,3653.35,1
6258-NGCNG,Male,0,No,No,56.051658460797164,Yes,Yes,No,No internet service,No internet service,No internet service,No internet service,No internet service,No internet service,Month-to-month,No,Credit card (automatic),27.025,173.0,0
5917-RYRMG,Male,1,No,No,81.05165846079717,Yes,No,No,No internet service,No internet service,No internet service,No internet service,No internet service,No internet service,One year,No,Credit card (automatic),22.77,587.7,0
7157-SMCFK,Male,0,No,Yes,110.05165846079717,Yes,No,No,No internet service,No internet service,No internet service,No internet service,No internet service,No internet service,Two year,No,Mailed check,22.7125,1124.2,1
0816-TSPHQ,Male,0,No,No,51.051658460797164,Yes,No,No,No internet service,No internet service,No internet service,No internet service,No internet service,No internet service,Month-to-month,No,Credit card (automatic),23.862499999999997,44.2,0
6766-HFKLA,Female,0,Yes,No,105.05165846079717,Yes,Yes,Fiber optic,No,No,Yes,Yes,Yes,Yes,Two year,No,Electronic check,118.67999999999999,5744.35,0
7067-KSAZT,Female,1,Yes,No,114.05165846079717,Yes,Yes,Fiber optic,No,Yes,Yes,No,Yes,Yes,One year,Yes,Electronic check,122.18749999999999,6979.8,1
5155-AZQPB,Female,0,Yes,Yes,77.05165846079717,Yes,Yes,DSL,No,No,No,No,No,No,Month-to-month,No,Credit card (automatic),57.38499999999999,1410.25,0
6890-PFRQX,Male,0,No,No,67.05165846079717,Yes,Yes,DSL,Yes,No,Yes,No,Yes,No,Month-to-month,No,Electronic check,79.925,1199.4,0
3508-VLHCZ,Female,0,Yes,Yes,120.05165846079717,Yes,Yes,DSL,Yes,Yes,Yes,Yes,Yes,Yes,Two year,Yes,Electronic check,104.1325,6239.05,1
3649-JPUGY,Male,0,No,No,121.05165846079717,Yes,Yes,DSL,No,Yes,Yes,Yes,Yes,Yes,Two year,Yes,Mailed check,101.88999999999999,6201.95,1
9248-OJYKK,Male,1,No,No,50.051658460797164,Yes,Yes,Fiber optic,No,No,No,No,No,No,Month-to-month,Yes,Bank transfer (automatic),87.91749999999999,76.45,1
7239-HZZCX,Male,0,No,No,50.051658460797164,Yes,No,No,No internet service,No internet service,No internet service,No internet service,No internet service,No internet service,Month-to-month,No,Electronic check,22.7125,19.75,1
9860-LISIZ,Female,0,No,No,83.05165846079717,Yes,No,No,No internet service,No internet service,No internet service,No internet service,No internet service,No internet service,Month-to-month,No,Credit card (automatic),23.4025,673.2,0
6979-ZNSFF,Female,0,No,No,57.051658460797164,Yes,Yes,Fiber optic,No,No,No,No,Yes,No,Month-to-month,Yes,Mailed check,100.10749999999999,762.1,1
8938-UMKPI,Female,0,No,No,96.05165846079717,Yes,Yes,Fiber optic,No,Yes,Yes,No,Yes,Yes,Month-to-month,Yes,Bank transfer (automatic),122.36,5127.95,1
1820-DJFPH,Female,0,Yes,Yes,121.05165846079717,Yes,Yes,No,No internet service,No internet service,No internet service,No internet service,No internet service,No internet service,Two year,Yes,Electronic check,27.6575,1709.15,0
0732-OCQOC,Female,0,Yes,Yes,101.05165846079717,Yes,Yes,No,No internet service,No internet service,No internet service,No internet service,No internet service,No internet service,Two year,Yes,Bank transfer (automatic),28.807499999999997,1270.25,0
6776-TLWOI,Male,0,No,No,52.051658460797164,Yes,No,No,No internet service,No internet service,No internet service,No internet service,No internet service,No internet service,Month-to-month,No,Mailed check,22.8275,64.55,1
4940-KHCWD,Female,0,Yes,No,109.05165846079717,No,No phone service,DSL,Yes,Yes,No,Yes,No,No,Two year,No,Bank transfer (automatic),43.355,2288.7,0
9057-SIHCH,Female,0,No,No,52.051658460797164,Yes,Yes,Fiber optic,No,No,No,No,Yes,Yes,Month-to-month,Yes,Credit card (automatic),111.08999999999999,291.9,1
9866-QEVEE,Male,0,No,No,68.05165846079717,Yes,Yes,Fiber optic,No,No,No,No,No,Yes,Month-to-month,Yes,Mailed check,98.89999999999999,1532.45,1
5542-TBBWB,Male,0,No,No,50.051658460797164,Yes,No,Fiber optic,No,No,No,No,No,No,Month-to-month,Yes,Credit card (automatic),80.385,69.9,0
4587-VVTOX,Female,0,Yes,No,55.051658460797164,Yes,Yes,Fiber optic,No,Yes,Yes,No,Yes,Yes,Month-to-month,Yes,Credit card (automatic),121.09499999999998,545.2,1
6322-HRPFA,Male,0,Yes,Yes,98.05165846079717,Yes,No,DSL,Yes,Yes,No,Yes,No,No,Month-to-month,No,Electronic check,68.53999999999999,2970.3,0
6284-AHOOQ,Male,1,No,No,71.05165846079717,Yes,Yes,Fiber optic,No,No,No,Yes,Yes,No,Month-to-month,Yes,Electronic check,104.07499999999999,1910.6,1
4530-NDRKU,Female,0,Yes,Yes,91.05165846079717,Yes,No,No,No internet service,No internet service,No internet service,No internet service,No internet service,No internet service,One year,Yes,Mailed check,21.9075,761.85,0
1751-NCDLI,Male,1,Yes,No,95.05165846079717,Yes,Yes,Fiber optic,No,No,Yes,No,Yes,Yes,Month-to-month,Yes,Mailed check,113.67749999999998,4564.9,0
3893-JRNFS,Male,0,No,No,117.05165846079717,No,No phone service,DSL,No,No,Yes,No,No,Yes,Month-to-month,Yes,Electronic check,45.885,2796.35,0
5857-XRECV,Female,0,No,Yes,51.051658460797164,Yes,No,No,No internet service,No internet service,No internet service,No internet service,No internet service,No internet service,One year,No,Electronic check,23.575,38.25,1
3115-CZMZD,Male,0,No,Yes,49.051658460797164,Yes,No,No,No internet service,No internet service,No internet service,No internet service,No internet service,No internet service,Two year,No,Electronic check,23.287499999999998,0.0,0
4489-SNOJF,Female,0,Yes,Yes,84.05165846079717,Yes,Yes,DSL,Yes,No,Yes,Yes,Yes,No,Month-to-month,No,Electronic check,83.08749999999999,2568.55,1
1051-GEJLJ,Female,0,No,No,51.051658460797164,Yes,No,No,No internet service,No internet service,No internet service,No internet service,No internet service,No internet service,Month-to-month,No,Mailed check,22.424999999999997,27.55,1
3563-SVYLG,Male,0,Yes,Yes,117.05165846079717,Yes,No,DSL,Yes,Yes,Yes,Yes,No,No,Two year,No,Credit card (automatic),72.0475,4375.8,0
4301-VVZKA,Male,0,Yes,No,65.05165846079717,Yes,Yes,Fiber optic,No,No,No,No,No,No,Month-to-month,Yes,Electronic check,86.71,1189.4,0
9351-HXDMR,Male,0,Yes,No,121.05165846079717,Yes,Yes,Fiber optic,Yes,No,Yes,Yes,Yes,Yes,Two year,Yes,Mailed check,127.535,8240.85,0
5161-XEUVX,Male,0,Yes,No,86.05165846079717,Yes,Yes,Fiber optic,No,No,Yes,Yes,Yes,No,Two year,No,Electronic check,108.445,3460.95,1
3088-FVYWK,Male,0,Yes,Yes,102.05165846079717,Yes,Yes,No,No internet service,No internet service,No internet service,No internet service,No internet service,No internet service,Two year,No,Electronic check,29.3825,1336.1,0
9812-GHVRI,Female,0,No,No,89.05165846079717,Yes,Yes,Fiber optic,No,No,No,No,No,Yes,Month-to-month,No,Mailed check,96.42749999999998,3532.25,0
1370-GGAWX,Female,0,No,No,95.05165846079717,Yes,Yes,Fiber optic,No,Yes,Yes,No,No,Yes,One year,Yes,Electronic check,108.2725,4408.45,0
6023-YEBUP,Male,0,No,No,52.051658460797164,Yes,Yes,Fiber optic,No,No,Yes,No,Yes,Yes,Month-to-month,Yes,Electronic check,116.0925,329.95,1
9940-RHLFB,Female,0,No,No,50.051658460797164,Yes,No,Fiber optic,No,No,Yes,No,No,No,Month-to-month,No,Credit card (automatic),86.59499999999998,75.3,1
4541-RMRLG,Male,0,No,No,56.051658460797164,Yes,No,No,No internet service,No internet service,No internet service,No internet service,No internet service,No internet service,Month-to-month,No,Bank transfer (automatic),22.1375,112.3,1
2606-RMDHZ,Male,0,No,No,55.051658460797164,No,No phone service,DSL,No,Yes,No,No,No,No,Month-to-month,Yes,Credit card (automatic),35.074999999999996,208.7,1
5575-TPIZQ,Male,0,No,No,95.05165846079717,Yes,Yes,Fiber optic,Yes,No,No,No,Yes,No,Month-to-month,Yes,Credit card (automatic),102.5225,4245.55,0
9378-FXTIZ,Female,0,Yes,No,103.05165846079717,Yes,Yes,DSL,No,No,No,No,Yes,Yes,One year,Yes,Bank transfer (automatic),80.6725,3715.65,1
4631-OACRM,Male,1,No,No,64.05165846079717,Yes,No,Fiber optic,No,No,No,No,No,Yes,Month-to-month,Yes,Electronic check,91.31,1156.1,1
8593-WHYHV,Male,0,No,No,52.051658460797164,Yes,Yes,Fiber optic,No,No,No,No,No,Yes,Month-to-month,Yes,Mailed check,98.09499999999998,264.8,1
1403-GYAFU,Male,0,Yes,Yes,119.05165846079717,Yes,No,No,No internet service,No internet service,No internet service,No internet service,No internet service,No internet service,Two year,No,Credit card (automatic),23.057499999999997,1360.25,0
7641-TQFHN,Male,0,No,Yes,88.05165846079717,Yes,Yes,Fiber optic,No,No,No,Yes,Yes,Yes,Two year,No,Mailed check,115.6325,3895.35,0
4237-CLSMM,Male,0,Yes,No,51.051658460797164,Yes,No,No,No internet service,No internet service,No internet service,No internet service,No internet service,No internet service,Month-to-month,No,Mailed check,23.0,38.0,0
4360-PNRQB,Male,0,No,No,67.05165846079717,Yes,Yes,Fiber optic,No,No,No,No,No,No,Month-to-month,Yes,Bank transfer (automatic),86.93999999999998,1395.05,0
5334-AFQJB,Male,1,No,No,121.05165846079717,Yes,Yes,No,No internet service,No internet service,No internet service,No internet service,No internet service,No internet service,Two year,Yes,Electronic check,28.865,1789.9,0
9308-ANMVE,Male,0,No,Yes,96.05165846079717,Yes,No,DSL,Yes,Yes,No,No,No,No,Month-to-month,Yes,Credit card (automatic),63.59499999999999,2654.05,0
3530-VWVGU,Female,0,Yes,Yes,71.05165846079717,Yes,No,No,No internet service,No internet service,No internet service,No internet service,No internet service,No internet service,Month-to-month,No,Mailed check,22.884999999999998,400.3,0
4674-HGNUA,Male,0,Yes,Yes,120.05165846079717,Yes,Yes,DSL,Yes,Yes,Yes,Yes,Yes,Yes,Two year,No,Credit card (automatic),103.385,6457.15,1
3030-YDNRM,Male,0,No,No,57.051658460797164,Yes,Yes,Fiber optic,No,No,No,No,No,No,Month-to-month,Yes,Bank transfer (automatic),86.07749999999999,572.45,0
3642-BYHDO,Female,0,Yes,Yes,120.05165846079717,Yes,No,No,No internet service,No internet service,No internet service,No internet service,No internet service,No internet service,Two year,No,Credit card (automatic),22.884999999999998,1389.35,0
0440-UEDAI,Female,0,No,No,102.05165846079717,Yes,No,Fiber optic,No,Yes,Yes,Yes,No,Yes,One year,Yes,Electronic check,108.61749999999999,5042.75,0
9819-FBNSV,Male,1,Yes,No,86.05165846079717,Yes,No,Fiber optic,No,No,No,No,No,No,Month-to-month,Yes,Bank transfer (automatic),83.08749999999999,2575.45,0
9289-LBQVU,Male,0,Yes,No,113.05165846079717,Yes,Yes,DSL,No,Yes,No,Yes,No,Yes,One year,Yes,Electronic check,80.6725,4480.7,0
4468-YDOVK,Male,0,No,Yes,54.051658460797164,Yes,No,DSL,No,No,No,Yes,No,No,Month-to-month,Yes,Electronic check,55.94749999999999,235.2,1
2001-EWBQU,Female,0,No,No,109.05165846079717,Yes,Yes,Fiber optic,No,Yes,Yes,No,Yes,Yes,Two year,No,Bank transfer (automatic),120.40499999999999,6333.8,0
9992-UJOEL,Male,0,No,No,51.051658460797164,Yes,No,DSL,No,Yes,No,No,No,No,Month-to-month,Yes,Credit card (automatic),57.84499999999999,92.75,1
8409-WQJUX,Female,0,No,No,74.05165846079717,No,No phone service,DSL,No,No,Yes,Yes,Yes,Yes,One year,No,Mailed check,62.33,1423.15,0
3077-RSNTJ,Female,0,Yes,Yes,55.051658460797164,Yes,No,No,No internet service,No internet service,No internet service,No internet service,No internet service,No internet service,Month-to-month,No,Electronic check,22.654999999999998,113.5,0
6993-YCOBK,Male,0,Yes,Yes,109.05165846079717,Yes,Yes,Fiber optic,Yes,No,Yes,Yes,Yes,Yes,Two year,Yes,Bank transfer (automatic),127.18999999999998,6586.85,0
4817-VYYWS,Female,0,No,No,79.05165846079717,Yes,Yes,Fiber optic,No,Yes,No,No,Yes,Yes,Month-to-month,Yes,Bank transfer (automatic),115.22999999999999,2983.8,1
4702-HDRKD,Male,0,No,No,116.05165846079717,No,No phone service,DSL,Yes,No,Yes,Yes,Yes,No,One year,Yes,Mailed check,56.7525,3321.35,0
3251-YMVWZ,Male,0,No,No,102.05165846079717,Yes,Yes,No,No internet service,No internet service,No internet service,No internet service,No internet service,No internet service,One year,No,Bank transfer (automatic),27.6575,1301.9,1
4190-MFLUW,Female,0,Yes,Yes,59.051658460797164,Yes,No,DSL,No,No,Yes,Yes,No,No,Month-to-month,No,Mailed check,63.48,528.35,1
4678-DVQEO,Female,0,No,No,50.051658460797164,Yes,No,DSL,No,No,No,Yes,No,No,Month-to-month,Yes,Electronic check,60.03,52.2,1
4701-AHWMW,Male,0,Yes,No,104.05165846079717,No,No phone service,DSL,No,No,Yes,Yes,Yes,Yes,Month-to-month,Yes,Mailed check,62.732499999999995,2978.3,1
2987-BJXIK,Female,0,No,No,119.05165846079717,Yes,Yes,DSL,Yes,Yes,Yes,No,Yes,Yes,Two year,No,Bank transfer (automatic),97.405,5991.05,1
1730-VFMWO,Female,0,Yes,No,83.05165846079717,Yes,No,DSL,No,No,No,Yes,No,No,Month-to-month,No,Electronic check,57.73,1815.3,0
1936-UAFEH,Female,0,No,No,117.05165846079717,Yes,Yes,Fiber optic,Yes,Yes,No,Yes,Yes,Yes,Two year,No,Bank transfer (automatic),126.7875,7279.35,0
5140-FOMCQ,Female,0,Yes,No,108.05165846079717,Yes,Yes,Fiber optic,Yes,Yes,Yes,No,Yes,Yes,One year,Yes,Electronic check,125.5225,6557.75,0
8778-LMWTJ,Female,0,No,No,58.051658460797164,Yes,No,Fiber optic,Yes,No,No,No,No,No,Month-to-month,Yes,Credit card (automatic),86.07749999999999,708.2,0
9840-DVNDC,Male,0,No,No,55.051658460797164,Yes,No,Fiber optic,No,No,No,No,Yes,No,Month-to-month,Yes,Bank transfer (automatic),92.57499999999999,463.05,0
8033-VCZGH,Male,0,Yes,No,99.05165846079717,Yes,Yes,Fiber optic,Yes,No,Yes,No,Yes,Yes,One year,Yes,Electronic check,119.54249999999999,5231.3,1
8580-QVLOC,Female,1,Yes,Yes,121.05165846079717,Yes,Yes,DSL,Yes,Yes,Yes,Yes,Yes,Yes,Two year,No,Electronic check,106.3175,6440.25,1
6128-AQBMT,Male,1,Yes,No,90.05165846079717,No,No phone service,DSL,No,Yes,Yes,No,Yes,Yes,Month-to-month,Yes,Electronic check,62.0425,2215.4,0
6257-RJOHI,Male,0,No,No,53.051658460797164,Yes,No,DSL,No,No,No,Yes,No,No,Month-to-month,Yes,Bank transfer (automatic),58.419999999999995,202.3,1
1929-ZCBHE,Male,0,Yes,Yes,96.05165846079717,No,No phone service,DSL,Yes,No,Yes,Yes,No,No,One year,No,Bank transfer (automatic),46.34499999999999,1794.8,0
6242-SGYTS,Male,0,Yes,Yes,111.05165846079717,Yes,Yes,Fiber optic,Yes,Yes,No,No,Yes,No,One year,Yes,Bank transfer (automatic),109.1925,5791.85,0
7010-ZMVBF,Female,0,Yes,Yes,67.05165846079717,Yes,No,No,No internet service,No internet service,No internet service,No internet service,No internet service,No internet service,Month-to-month,No,Credit card (automatic),23.5175,357.0,0
3519-ZKXGG,Female,0,Yes,No,52.051658460797164,Yes,Yes,Fiber optic,No,No,No,No,No,No,Month-to-month,Yes,Mailed check,87.22749999999999,256.6,1
5666-MBJPT,Male,0,No,No,114.05165846079717,Yes,Yes,No,No internet service,No internet service,No internet service,No internet service,No internet service,No internet service,Two year,Yes,Credit card (automatic),28.865,1725.0,0
3313-QKNKB,Male,0,Yes,No,108.05165846079717,Yes,Yes,Fiber optic,No,No,No,No,No,Yes,One year,No,Electronic check,98.3825,5084.65,1
7581-EBBOU,Female,0,No,No,109.05165846079717,Yes,No,DSL,No,Yes,Yes,Yes,Yes,No,One year,Yes,Bank transfer (automatic),80.6725,4224.7,0
1784-BXEFA,Female,0,No,No,59.051658460797164,Yes,No,No,No internet service,No internet service,No internet service,No internet service,No internet service,No internet service,Month-to-month,Yes,Bank transfer (automatic),23.6325,187.35,0
7492-TAFJD,Male,0,Yes,Yes,56.051658460797164,No,No phone service,DSL,Yes,Yes,Yes,No,No,No,Two year,No,Bank transfer (automatic),44.332499999999996,280.0,0
5213-TWWJU,Male,0,No,No,77.05165846079717,Yes,No,Fiber optic,No,No,Yes,Yes,No,Yes,Month-to-month,No,Electronic check,104.64999999999999,2626.15,0
3312-ZWLGF,Male,1,Yes,No,78.05165846079717,Yes,Yes,Fiber optic,No,No,No,Yes,No,No,Month-to-month,Yes,Mailed check,91.195,2414.55,0
2923-ARZLG,Male,0,Yes,Yes,49.051658460797164,Yes,No,No,No internet service,No internet service,No internet service,No internet service,No internet service,No internet service,One year,Yes,Electronic check,22.654999999999998,0.0,0
7032-LMBHI,Female,0,No,No,86.05165846079717,Yes,Yes,DSL,Yes,No,No,No,Yes,No,One year,No,Mailed check,74.3475,2347.85,0
8292-ITGYJ,Female,0,Yes,Yes,94.05165846079717,Yes,Yes,No,No internet service,No internet service,No internet service,No internet service,No internet service,No internet service,Two year,Yes,Bank transfer (automatic),28.347499999999997,1138.8,0
9107-UKCKY,Male,0,Yes,No,110.05165846079717,Yes,Yes,DSL,No,Yes,Yes,No,Yes,Yes,One year,Yes,Bank transfer (automatic),91.77,4914.8,0
6848-HJTXY,Female,0,Yes,No,113.05165846079717,Yes,No,No,No internet service,No internet service,No internet service,No internet service,No internet service,No internet service,Two year,No,Electronic check,22.367499999999996,1208.6,0
4184-VODJZ,Male,0,Yes,Yes,112.05165846079717,Yes,Yes,Fiber optic,No,Yes,No,No,No,Yes,One year,Yes,Mailed check,105.05249999999998,5764.7,0
4846-WHAFZ,Female,1,Yes,No,86.05165846079717,Yes,Yes,Fiber optic,No,No,No,No,No,No,Month-to-month,Yes,Credit card (automatic),87.975,2868.15,0
8735-SDUFN,Female,1,Yes,No,121.05165846079717,Yes,Yes,No,No internet service,No internet service,No internet service,No internet service,No internet service,No internet service,Two year,No,Mailed check,27.945,1778.7,0
0839-JTCUD,Female,0,Yes,Yes,115.05165846079717,Yes,Yes,DSL,Yes,Yes,Yes,Yes,Yes,Yes,Two year,No,Mailed check,103.385,5958.85,0
6857-VWJDT,Female,0,No,No,50.051658460797164,Yes,Yes,Fiber optic,No,No,No,No,Yes,Yes,Month-to-month,No,Credit card (automatic),109.9975,95.65,1
7363-QTBIW,Female,0,Yes,No,58.051658460797164,Yes,No,Fiber optic,No,No,No,No,No,Yes,Month-to-month,Yes,Mailed check,91.71249999999999,769.1,0
6158-HDPXZ,Male,0,No,No,50.051658460797164,No,No phone service,DSL,No,No,No,No,No,No,Month-to-month,No,Electronic check,29.1525,25.35,0
5419-CONWX,Female,1,No,No,53.051658460797164,Yes,No,Fiber optic,No,Yes,Yes,No,Yes,Yes,Month-to-month,Yes,Mailed check,114.76999999999998,442.85,1
9286-DOJGF,Female,1,Yes,No,87.05165846079717,Yes,Yes,Fiber optic,No,No,No,No,No,No,Month-to-month,Yes,Mailed check,86.1925,2869.85,1
2408-PSJVE,Male,0,Yes,Yes,93.05165846079717,Yes,No,DSL,No,Yes,Yes,Yes,No,No,Month-to-month,Yes,Credit card (automatic),71.18499999999999,2924.05,1
2087-QAREY,Female,0,Yes,No,71.05165846079717,Yes,No,DSL,No,Yes,Yes,No,No,No,Month-to-month,Yes,Electronic check,62.905,1178.75,0
6777-TGHTM,Female,0,No,No,102.05165846079717,Yes,Yes,Fiber optic,Yes,No,Yes,No,Yes,Yes,One year,Yes,Electronic check,122.99249999999999,5785.5,1
6507-ZJSUR,Male,1,Yes,No,72.05165846079717,Yes,No,Fiber optic,No,No,No,No,Yes,Yes,Month-to-month,Yes,Electronic check,104.0175,2117.25,0
5025-GOOKI,Female,0,No,No,69.05165846079717,Yes,No,No,No internet service,No internet service,No internet service,No internet service,No internet service,No internet service,Month-to-month,Yes,Bank transfer (automatic),21.734999999999996,347.65,0
6080-LNESI,Male,0,No,No,100.05165846079717,Yes,Yes,No,No internet service,No internet service,No internet service,No internet service,No internet service,No internet service,Two year,No,Bank transfer (automatic),28.4625,1234.6,0
2236-HILPA,Male,0,Yes,Yes,111.05165846079717,Yes,No,No,No internet service,No internet service,No internet service,No internet service,No internet service,No internet service,Two year,No,Bank transfer (automatic),23.747499999999995,1218.45,0
1386-ZIKUV,Male,0,No,No,56.051658460797164,Yes,No,No,No internet service,No internet service,No internet service,No internet service,No internet service,No internet service,Month-to-month,Yes,Bank transfer (automatic),21.792499999999997,130.55,0
3365-SAIGS,Female,0,No,No,66.05165846079717,Yes,No,Fiber optic,No,Yes,No,No,Yes,No,Month-to-month,Yes,Mailed check,96.0825,1329.15,0
6061-GWWAV,Male,0,No,Yes,90.05165846079717,Yes,No,DSL,Yes,Yes,Yes,No,Yes,No,One year,No,Mailed check,80.73,2894.55,0
9979-RGMZT,Female,0,No,No,56.051658460797164,Yes,No,Fiber optic,No,Yes,No,No,Yes,Yes,One year,Yes,Mailed check,108.15749999999998,633.45,0
8445-DNBAE,Male,0,No,Yes,50.051658460797164,Yes,Yes,DSL,No,No,No,No,No,No,Month-to-month,Yes,Mailed check,57.55749999999999,50.05,0
6872-HXFNF,Female,0,Yes,No,113.05165846079717,Yes,Yes,DSL,No,No,Yes,Yes,No,No,One year,No,Bank transfer (automatic),67.10249999999999,3756.45,0
1320-HTRDR,Female,0,No,No,52.051658460797164,Yes,Yes,Fiber optic,No,No,No,No,No,No,Month-to-month,Yes,Mailed check,86.82499999999999,220.6,1
3923-CSIHK,Female,1,Yes,No,99.05165846079717,Yes,No,Fiber optic,No,No,No,No,No,No,Month-to-month,Yes,Electronic check,81.7075,3444.85,1
2446-ZKVAF,Male,0,Yes,No,67.05165846079717,Yes,Yes,DSL,No,Yes,No,No,No,No,Month-to-month,No,Mailed check,65.32,1074.65,0
4640-UHDOS,Female,0,Yes,Yes,62.051658460797164,Yes,No,DSL,No,No,No,No,No,Yes,Month-to-month,No,Mailed check,64.3425,734.35,1
5457-COLHT,Male,0,Yes,Yes,118.05165846079717,Yes,No,DSL,Yes,Yes,No,Yes,Yes,Yes,Two year,No,Credit card (automatic),92.7475,5542.55,0
2254-DLXRI,Female,0,No,No,50.051658460797164,Yes,Yes,Fiber optic,No,Yes,No,No,No,No,Month-to-month,Yes,Electronic check,91.0225,79.15,0
5339-PXDVH,Male,0,No,No,53.051658460797164,Yes,Yes,Fiber optic,Yes,No,No,No,Yes,No,Month-to-month,No,Bank transfer (automatic),104.2475,367.95,0
2386-LAHRK,Male,0,No,No,50.051658460797164,Yes,No,DSL,No,No,No,No,Yes,No,Month-to-month,Yes,Bank transfer (automatic),61.525,53.5,1
5062-CJJKH,Male,0,Yes,Yes,74.05165846079717,Yes,No,DSL,No,Yes,Yes,No,No,No,One year,No,Mailed check,61.69749999999999,1355.45,0
8930-XOTDP,Female,0,Yes,Yes,67.05165846079717,Yes,No,DSL,No,No,No,No,Yes,No,Month-to-month,No,Bank transfer (automatic),64.3425,1082.8,0
4779-ZGICK,Male,0,Yes,Yes,97.05165846079717,Yes,Yes,No,No internet service,No internet service,No internet service,No internet service,No internet service,No internet service,Two year,No,Electronic check,27.0825,1173.35,0
9534-NSXEM,Male,0,No,No,75.05165846079717,Yes,No,No,No internet service,No internet service,No internet service,No internet service,No internet service,No internet service,One year,Yes,Electronic check,23.747499999999995,595.5,0
3716-BDVDB,Male,0,No,No,50.051658460797164,Yes,No,Fiber optic,No,No,No,No,No,No,Month-to-month,Yes,Electronic check,79.46499999999999,69.1,1
9842-EFSYY,Female,0,No,Yes,53.051658460797164,No,No phone service,DSL,Yes,Yes,Yes,No,Yes,Yes,Month-to-month,Yes,Electronic check,65.78,223.75,0
9122-UMROB,Male,0,No,No,50.051658460797164,Yes,No,No,No internet service,No internet service,No internet service,No internet service,No internet service,No internet service,Month-to-month,No,Mailed check,23.345,20.3,0
1867-BDVFH,Male,0,Yes,Yes,60.051658460797164,Yes,Yes,Fiber optic,No,No,No,No,No,No,Month-to-month,Yes,Credit card (automatic),85.50249999999998,834.2,1
5949-EBSQK,Male,0,Yes,Yes,53.051658460797164,Yes,No,DSL,No,No,No,Yes,No,Yes,Month-to-month,No,Mailed check,70.6675,229.55,0
4160-AMJTL,Female,1,No,No,57.051658460797164,Yes,No,No,No internet service,No internet service,No internet service,No internet service,No internet service,No internet service,Month-to-month,No,Electronic check,22.597499999999997,164.3,1
8622-ZLFKO,Female,0,Yes,No,55.051658460797164,Yes,Yes,Fiber optic,No,Yes,No,No,No,Yes,Month-to-month,Yes,Bank transfer (automatic),104.3625,512.25,0
2990-IAJSV,Male,0,No,No,121.05165846079717,Yes,Yes,DSL,Yes,Yes,Yes,Yes,Yes,Yes,Two year,No,Electronic check,105.8,6632.75,0
6064-ZATLR,Female,0,No,No,76.05165846079717,Yes,No,DSL,Yes,Yes,No,No,No,No,Two year,No,Mailed check,60.777499999999996,1498.65,0
7409-KIUTL,Female,1,No,Yes,50.051658460797164,Yes,No,Fiber optic,No,No,No,No,No,No,Month-to-month,Yes,Electronic check,81.64999999999999,71.0,0
5505-OVWQW,Female,0,No,No,66.05165846079717,Yes,No,No,No internet service,No internet service,No internet service,No internet service,No internet service,No internet service,One year,No,Electronic check,23.172499999999996,353.65,0
3948-KXDUF,Male,0,No,No,115.05165846079717,Yes,Yes,DSL,Yes,Yes,Yes,Yes,No,No,Two year,No,Electronic check,79.0625,4447.55,0
9814-AOUDH,Male,0,No,No,102.05165846079717,Yes,No,No,No internet service,No internet service,No internet service,No internet service,No internet service,No internet service,Two year,No,Bank transfer (automatic),22.424999999999997,1050.5,0
7398-LXGYX,Male,0,Yes,No,93.05165846079717,Yes,Yes,Fiber optic,Yes,No,Yes,No,No,No,Month-to-month,Yes,Credit card (automatic),97.52,3626.35,0
5266-PFRQK,Male,0,Yes,Yes,101.05165846079717,Yes,No,No,No internet service,No internet service,No internet service,No internet service,No internet service,No internet service,One year,Yes,Electronic check,23.9775,1071.6,0
1568-BEKZM,Male,1,Yes,No,119.05165846079717,Yes,Yes,DSL,Yes,Yes,Yes,Yes,Yes,Yes,Two year,No,Mailed check,103.55749999999999,6333.4,0
2692-PFYTJ,Female,0,No,No,50.051658460797164,Yes,Yes,No,No internet service,No internet service,No internet service,No internet service,No internet service,No internet service,Month-to-month,Yes,Credit card (automatic),29.612499999999997,25.75,0
2533-QVMSK,Male,0,Yes,No,110.05165846079717,Yes,Yes,Fiber optic,No,Yes,No,Yes,Yes,No,Two year,Yes,Electronic check,108.21499999999999,5638.3,1
5828-AVIPD,Male,0,Yes,Yes,68.05165846079717,Yes,Yes,Fiber optic,No,No,No,Yes,Yes,Yes,One year,Yes,Electronic check,116.0925,1875.55,0
2907-ILJBN,Female,0,Yes,Yes,60.051658460797164,Yes,No,No,No internet service,No internet service,No internet service,No internet service,No internet service,No internet service,One year,No,Mailed check,23.69,233.9,0
5226-NOZFC,Male,0,No,No,75.05165846079717,Yes,No,Fiber optic,No,Yes,No,No,Yes,No,Month-to-month,Yes,Electronic check,98.6125,2146.5,0
7114-AEOZE,Female,0,No,No,109.05165846079717,Yes,No,No,No internet service,No internet service,No internet service,No internet service,No internet service,No internet service,Two year,No,Electronic check,22.8275,1128.1,0
2202-CUYXZ,Male,0,No,No,50.051658460797164,Yes,No,Fiber optic,No,No,Yes,No,Yes,No,Month-to-month,Yes,Electronic check,97.57749999999999,84.85,0
3466-RITXD,Male,0,No,No,75.05165846079717,Yes,Yes,Fiber optic,Yes,Yes,No,No,Yes,No,Month-to-month,Yes,Electronic check,106.26,2349.8,0
7278-CKDNC,Male,1,No,No,73.05165846079717,Yes,Yes,Fiber optic,No,Yes,No,No,No,No,Month-to-month,Yes,Electronic check,92.57499999999999,2088.45,0
1956-YIFGE,Male,0,Yes,Yes,71.05165846079717,Yes,No,Fiber optic,No,Yes,Yes,No,Yes,Yes,One year,Yes,Credit card (automatic),115.05749999999999,2090.25,0
0422-UXFAP,Female,0,Yes,No,100.05165846079717,Yes,Yes,Fiber optic,No,No,Yes,No,Yes,Yes,One year,Yes,Credit card (automatic),113.67749999999998,4947.55,0
3733-UOCWF,Male,1,Yes,No,110.05165846079717,Yes,Yes,Fiber optic,No,Yes,No,Yes,No,No,One year,Yes,Credit card (automatic),98.3825,5251.75,0
7191-ADRGF,Male,0,Yes,No,93.05165846079717,No,No phone service,DSL,No,Yes,Yes,No,Yes,Yes,Two year,No,Electronic check,62.44499999999999,2390.45,0
5709-LVOEQ,Female,0,Yes,Yes,49.051658460797164,Yes,No,DSL,Yes,Yes,Yes,No,Yes,Yes,Two year,No,Mailed check,92.97749999999999,0.0,0
6034-YMTOB,Female,0,No,No,54.051658460797164,Yes,No,Fiber optic,No,No,No,Yes,No,No,Month-to-month,Yes,Electronic check,86.9975,399.45,0
6372-RFVNS,Female,0,Yes,No,50.051658460797164,Yes,No,Fiber optic,No,No,No,No,Yes,No,Month-to-month,No,Electronic check,90.61999999999999,78.8,0
9052-DHNKM,Male,0,No,No,75.05165846079717,Yes,Yes,DSL,Yes,Yes,No,No,No,No,One year,No,Electronic check,70.78249999999998,1581.95,0
5609-IMCGG,Female,0,No,No,64.05165846079717,Yes,Yes,Fiber optic,Yes,No,Yes,No,No,No,Month-to-month,Yes,Mailed check,97.00249999999998,1302.65,0
2959-MJHIC,Male,0,Yes,No,53.051658460797164,Yes,No,Fiber optic,No,No,No,No,Yes,No,Month-to-month,Yes,Bank transfer (automatic),92.40249999999999,307.4,1
1319-YLZJG,Male,0,Yes,No,61.051658460797164,Yes,No,Fiber optic,Yes,Yes,Yes,No,No,No,Month-to-month,Yes,Electronic check,97.28999999999999,959.9,0
7623-TRNQN,Male,0,No,Yes,50.051658460797164,Yes,No,DSL,No,No,No,Yes,No,No,Month-to-month,Yes,Credit card (automatic),57.38499999999999,49.9,1
0377-JBKKT,Male,0,Yes,Yes,71.05165846079717,Yes,No,DSL,Yes,Yes,No,Yes,No,No,Month-to-month,Yes,Electronic check,66.6425,1271.8,0
1936-CZAKF,Male,0,Yes,No,98.05165846079717,No,No phone service,DSL,No,Yes,No,No,Yes,Yes,Two year,No,Bank transfer (automatic),57.0975,2409.9,1
5063-IUOKK,Male,0,No,No,62.051658460797164,Yes,No,No,No internet service,No internet service,No internet service,No internet service,No internet service,No internet service,Two year,No,Credit card (automatic),22.7125,265.75,0
8646-JCOMS,Female,0,Yes,No,115.05165846079717,Yes,Yes,Fiber optic,No,Yes,Yes,Yes,No,No,One year,Yes,Credit card (automatic),104.1325,6130.95,1
0979-MOZQI,Male,0,Yes,No,111.05165846079717,No,No phone service,DSL,No,No,No,Yes,Yes,No,Two year,Yes,Credit card (automatic),44.849999999999994,2337.45,0
1525-LNLOJ,Male,0,Yes,Yes,115.05165846079717,Yes,Yes,DSL,No,No,Yes,No,Yes,No,Two year,Yes,Mailed check,72.79499999999999,4189.7,0
5759-RCVCB,Female,0,No,No,52.051658460797164,No,No phone service,DSL,No,No,No,No,Yes,No,Month-to-month,No,Electronic check,40.48,108.95,1
9968-FFVVH,Male,0,No,No,112.05165846079717,Yes,Yes,DSL,Yes,Yes,Yes,Yes,No,No,One year,No,Mailed check,79.11999999999999,4111.35,0
2266-FUBDZ,Male,0,Yes,Yes,64.05165846079717,Yes,No,No,No internet service,No internet service,No internet service,No internet service,No internet service,No internet service,Two year,No,Bank transfer (automatic),22.2525,278.85,0
4760-THGOT,Female,0,Yes,No,92.05165846079717,Yes,Yes,Fiber optic,Yes,Yes,No,No,No,Yes,Month-to-month,Yes,Mailed check,108.21499999999999,4107.3,0
2307-FYNNL,Male,1,No,No,114.05165846079717,Yes,Yes,Fiber optic,Yes,No,Yes,Yes,Yes,Yes,Two year,Yes,Mailed check,125.40749999999998,7108.2,0
1143-NMNQJ,Female,0,No,No,51.051658460797164,Yes,Yes,Fiber optic,No,No,No,No,No,Yes,Month-to-month,Yes,Credit card (automatic),98.55499999999999,169.8,0
1629-DQQVB,Female,0,No,No,63.051658460797164,Yes,No,DSL,Yes,No,No,No,No,No,Month-to-month,No,Bank transfer (automatic),57.614999999999995,709.5,0
3766-EJLFL,Female,0,Yes,Yes,117.05165846079717,Yes,Yes,Fiber optic,Yes,No,Yes,Yes,Yes,Yes,Two year,Yes,Mailed check,125.40749999999998,7508.55,0
8457-XIGKN,Male,0,No,No,69.05165846079717,Yes,No,No,No internet service,No internet service,No internet service,No internet service,No internet service,No internet service,Month-to-month,Yes,Credit card (automatic),22.54,356.15,0
4981-FLTMF,Female,0,Yes,Yes,106.05165846079717,Yes,Yes,DSL,Yes,Yes,No,Yes,No,No,Month-to-month,No,Bank transfer (automatic),74.98,3687.85,0
7606-BPHHN,Male,0,No,No,121.05165846079717,Yes,No,No,No internet service,No internet service,No internet service,No internet service,No internet service,No internet service,Two year,Yes,Bank transfer (automatic),22.77,1468.75,0
7005-CCBKV,Male,0,No,No,55.051658460797164,Yes,No,Fiber optic,No,Yes,No,No,No,Yes,Month-to-month,Yes,Bank transfer (automatic),97.06,556.35,1
4648-YPBTM,Male,0,No,No,102.05165846079717,Yes,Yes,DSL,No,Yes,Yes,Yes,No,Yes,Two year,Yes,Credit card (automatic),84.985,3958.25,0
2325-ZUSFD,Female,0,Yes,Yes,106.05165846079717,Yes,No,DSL,Yes,No,No,No,Yes,Yes,One year,Yes,Electronic check,80.61499999999998,3913.3,1
1240-KNSEZ,Male,0,No,No,50.051658460797164,Yes,No,No,No internet service,No internet service,No internet service,No internet service,No internet service,No internet service,Month-to-month,Yes,Mailed check,23.115,20.1,0
0430-IHCDJ,Male,0,No,No,64.05165846079717,Yes,Yes,DSL,No,No,No,No,No,No,Month-to-month,Yes,Electronic check,56.349999999999994,749.25,1
7957-RYHQD,Female,1,No,No,89.05165846079717,Yes,No,Fiber optic,Yes,Yes,No,No,No,No,Month-to-month,Yes,Mailed check,91.08,3233.85,1
6164-HAQTX,Male,0,No,No,120.05165846079717,No,No phone service,DSL,Yes,Yes,Yes,Yes,Yes,No,Two year,No,Bank transfer (automatic),62.0425,3888.65,0
0749-IRGQE,Female,1,Yes,No,62.051658460797164,No,No phone service,DSL,No,No,No,No,Yes,Yes,Month-to-month,No,Mailed check,52.09499999999999,528.45,0
1227-UDMZR,Female,0,Yes,No,121.05165846079717,Yes,Yes,DSL,Yes,Yes,Yes,Yes,Yes,Yes,Two year,Yes,Electronic check,104.8225,6637.9,1
5473-KHBPS,Female,0,Yes,Yes,101.05165846079717,Yes,Yes,Fiber optic,No,Yes,Yes,No,Yes,No,One year,Yes,Electronic check,110.05499999999999,4976.15,0
5297-MDOIR,Female,0,Yes,No,112.05165846079717,Yes,No,Fiber optic,Yes,No,Yes,No,No,No,One year,Yes,Electronic check,93.3225,5224.5,1
8873-TMKGR,Male,0,No,No,78.05165846079717,Yes,No,No,No internet service,No internet service,No internet service,No internet service,No internet service,No internet service,One year,No,Mailed check,21.965,529.5,0
6481-ESCNL,Female,0,No,No,78.05165846079717,Yes,Yes,Fiber optic,No,No,Yes,No,Yes,Yes,Month-to-month,No,Bank transfer (automatic),115.6325,2878.75,1
0463-WZZKO,Male,0,No,No,52.051658460797164,Yes,No,No,No internet service,No internet service,No internet service,No internet service,No internet service,No internet service,Month-to-month,Yes,Electronic check,23.862499999999997,67.1,0
1038-RQOST,Male,0,Yes,Yes,68.05165846079717,Yes,No,No,No internet service,No internet service,No internet service,No internet service,No internet service,No internet service,Month-to-month,No,Credit card (automatic),23.69,414.95,0
4937-QPZPO,Male,0,Yes,Yes,110.05165846079717,Yes,Yes,Fiber optic,No,No,Yes,No,Yes,Yes,One year,Yes,Credit card (automatic),114.88499999999999,6241.35,0
3604-WLABM,Female,0,No,No,59.051658460797164,Yes,No,DSL,No,No,Yes,Yes,No,No,Month-to-month,No,Credit card (automatic),62.387499999999996,583.0,0
1360-XFJMR,Female,0,Yes,No,116.05165846079717,Yes,Yes,Fiber optic,No,Yes,Yes,Yes,Yes,Yes,One year,Yes,Electronic check,126.15499999999999,7344.45,0
8717-VCTXJ,Male,0,No,No,91.05165846079717,Yes,No,No,No internet service,No internet service,No internet service,No internet service,No internet service,No internet service,One year,Yes,Bank transfer (automatic),22.482499999999998,839.4,0
5196-SGOAK,Female,0,No,No,50.051658460797164,Yes,No,Fiber optic,No,Yes,No,No,No,No,Month-to-month,Yes,Electronic check,87.05499999999999,75.7,1
8739-XNIKG,Female,0,No,No,54.051658460797164,Yes,Yes,Fiber optic,No,No,No,No,Yes,No,Month-to-month,Yes,Bank transfer (automatic),96.6,424.75,0
2320-TZRRH,Female,0,No,No,69.05165846079717,Yes,No,No,No internet service,No internet service,No internet service,No internet service,No internet service,No internet service,One year,No,Mailed check,22.424999999999997,403.15,0
5186-SAMNZ,Male,1,No,No,50.051658460797164,Yes,No,Fiber optic,No,No,No,No,No,No,Month-to-month,Yes,Credit card (automatic),79.925,69.5,1
5760-FXFVO,Male,0,No,No,55.051658460797164,Yes,No,Fiber optic,Yes,Yes,No,No,No,No,Month-to-month,Yes,Electronic check,90.79249999999999,494.95,1
5380-WJKOV,Male,0,No,No,83.05165846079717,Yes,Yes,Fiber optic,No,Yes,Yes,No,Yes,Yes,Month-to-month,Yes,Electronic check,122.30249999999998,3549.25,1
4703-MQYKT,Male,0,No,No,70.05165846079717,Yes,No,No,No internet service,No internet service,No internet service,No internet service,No internet service,No internet service,Two year,No,Electronic check,22.54,390.4,0
2001-MCUUW,Male,0,No,No,95.05165846079717,Yes,Yes,Fiber optic,No,Yes,Yes,Yes,Yes,Yes,Two year,No,Electronic check,124.94749999999999,4903.2,0
4947-DSMXK,Male,0,Yes,Yes,83.05165846079717,Yes,Yes,Fiber optic,No,Yes,No,No,Yes,Yes,Month-to-month,Yes,Credit card (automatic),112.35499999999999,3410.0,1
0076-LVEPS,Male,0,No,Yes,78.05165846079717,No,No phone service,DSL,Yes,Yes,Yes,Yes,No,No,Month-to-month,Yes,Credit card (automatic),51.74999999999999,1242.45,0
5566-SOEZD,Male,0,Yes,Yes,76.05165846079717,Yes,No,Fiber optic,Yes,Yes,No,No,No,No,One year,Yes,Credit card (automatic),92.7475,2209.75,0
7408-OFWXJ,Female,0,Yes,Yes,121.05165846079717,Yes,Yes,DSL,Yes,Yes,Yes,Yes,Yes,Yes,Two year,No,Mailed check,103.26999999999998,6510.45,1
1097-FSPVW,Female,0,No,No,91.05165846079717,Yes,No,DSL,Yes,No,Yes,No,No,No,Month-to-month,No,Electronic check,62.732499999999995,2455.05,0
4412-YLTKF,Female,1,No,No,76.05165846079717,Yes,Yes,Fiber optic,No,No,Yes,No,No,No,Month-to-month,Yes,Electronic check,89.7575,2135.5,1
0420-TXVSG,Male,0,Yes,No,115.05165846079717,Yes,Yes,DSL,Yes,Yes,Yes,No,No,No,Two year,Yes,Bank transfer (automatic),76.01499999999999,4428.45,0
7817-BOQPW,Female,0,No,No,51.051658460797164,Yes,Yes,Fiber optic,No,No,No,No,No,No,Month-to-month,Yes,Credit card (automatic),86.8825,166.3,1
0963-ZBDRN,Male,0,No,No,81.05165846079717,Yes,No,Fiber optic,No,No,No,Yes,Yes,Yes,Month-to-month,Yes,Bank transfer (automatic),110.63,3183.4,1
9685-WKZGT,Male,1,No,No,63.051658460797164,Yes,Yes,Fiber optic,No,No,No,No,No,No,Month-to-month,Yes,Bank transfer (automatic),86.1925,1036.75,1
2139-FQHLM,Male,0,No,No,68.05165846079717,Yes,No,Fiber optic,No,No,Yes,Yes,Yes,No,Month-to-month,No,Electronic check,103.4425,1682.4,1
5825-XJOCM,Male,0,No,Yes,97.05165846079717,Yes,Yes,DSL,Yes,Yes,Yes,No,No,No,One year,Yes,Credit card (automatic),74.06,3035.35,0
0004-TLHLJ,Male,0,No,No,53.051658460797164,Yes,No,Fiber optic,No,No,Yes,No,No,No,Month-to-month,Yes,Mailed check,84.985,280.85,1
7529-ZDFXI,Male,1,Yes,No,106.05165846079717,Yes,Yes,Fiber optic,No,Yes,No,No,No,Yes,Month-to-month,Yes,Electronic check,103.32749999999999,4925.35,0
6848-YLDFR,Male,0,Yes,Yes,107.05165846079717,Yes,No,DSL,No,Yes,No,Yes,Yes,Yes,One year,Yes,Bank transfer (automatic),86.47999999999999,4300.8,0
5820-PTRYM,Female,1,Yes,No,105.05165846079717,Yes,Yes,DSL,Yes,Yes,Yes,Yes,No,No,One year,Yes,Mailed check,78.7175,4014.0,0
2984-RGEYA,Female,0,Yes,Yes,118.05165846079717,Yes,No,No,No internet service,No internet service,No internet service,No internet service,No internet service,No internet service,Two year,No,Electronic check,22.7125,1375.4,0
6434-TTGJP,Male,0,Yes,Yes,59.051658460797164,No,No phone service,DSL,Yes,Yes,Yes,Yes,No,Yes,Two year,No,Electronic check,61.754999999999995,521.0,0
9643-AVVWI,Female,0,Yes,Yes,52.051658460797164,Yes,No,Fiber optic,No,Yes,No,Yes,No,No,Month-to-month,Yes,Bank transfer (automatic),92.0,241.3,0
3506-OVLKD,Male,0,No,No,84.05165846079717,Yes,Yes,No,No internet service,No internet service,No internet service,No internet service,No internet service,No internet service,One year,No,Credit card (automatic),30.129999999999995,954.9,0
4946-EDSEW,Female,0,Yes,Yes,60.051658460797164,Yes,No,No,No internet service,No internet service,No internet service,No internet service,No internet service,No internet service,Month-to-month,Yes,Electronic check,22.1375,180.3,1
2924-KHUVI,Male,0,Yes,No,105.05165846079717,Yes,Yes,Fiber optic,Yes,No,No,No,Yes,Yes,One year,Yes,Electronic check,115.6325,5514.95,0
2263-SFSQZ,Male,0,Yes,Yes,100.05165846079717,Yes,Yes,No,No internet service,No internet service,No internet service,No internet service,No internet service,No internet service,Two year,Yes,Credit card (automatic),28.692499999999995,1222.25,0
5281-BUZGT,Male,1,No,No,85.05165846079717,Yes,Yes,Fiber optic,Yes,No,No,No,Yes,No,Month-to-month,Yes,Bank transfer (automatic),104.47749999999999,3186.7,1
3717-FDJFU,Male,0,No,Yes,54.051658460797164,Yes,No,No,No internet service,No internet service,No internet service,No internet service,No internet service,No internet service,Two year,No,Bank transfer (automatic),23.5175,106.9,1
2239-CFOUJ,Male,0,Yes,Yes,50.051658460797164,Yes,No,No,No internet service,No internet service,No internet service,No internet service,No internet service,No internet service,One year,No,Credit card (automatic),23.459999999999997,20.4,0
8699-ASUFO,Male,1,Yes,No,56.051658460797164,Yes,Yes,Fiber optic,No,No,No,No,No,No,Month-to-month,Yes,Mailed check,85.56,527.9,1
1122-YJBCS,Male,0,Yes,No,118.05165846079717,Yes,No,DSL,Yes,Yes,No,No,No,No,One year,Yes,Bank transfer (automatic),61.69749999999999,3804.4,0
0628-CNQRM,Male,0,Yes,Yes,71.05165846079717,Yes,No,DSL,Yes,No,Yes,Yes,Yes,No,One year,Yes,Electronic check,77.625,1544.05,1
1705-GUHPV,Female,0,No,No,112.05165846079717,Yes,Yes,No,No internet service,No internet service,No internet service,No internet service,No internet service,No internet service,Two year,No,Mailed check,27.83,1618.2,1
4877-TSOFF,Female,0,Yes,Yes,104.05165846079717,Yes,Yes,DSL,Yes,Yes,No,Yes,No,Yes,One year,Yes,Electronic check,87.1125,4264.25,0
7404-JLKQG,Female,0,No,No,52.051658460797164,Yes,No,DSL,No,No,Yes,No,Yes,No,Month-to-month,No,Credit card (automatic),66.18249999999999,161.45,0
0379-DJQHR,Male,0,Yes,Yes,116.05165846079717,Yes,No,DSL,Yes,Yes,Yes,No,Yes,Yes,Two year,No,Mailed check,93.55249999999998,5398.6,0
8993-PHFWD,Female,0,No,No,52.051658460797164,No,No phone service,DSL,No,No,No,No,No,No,Month-to-month,No,Electronic check,29.037499999999998,58.9,0
3930-ZGWVE,Male,0,No,No,50.051658460797164,Yes,No,No,No internet service,No internet service,No internet service,No internet service,No internet service,No internet service,Month-to-month,No,Electronic check,22.7125,19.75,0
1965-DDBWU,Male,0,No,No,65.05165846079717,Yes,Yes,Fiber optic,No,No,No,Yes,No,Yes,Month-to-month,Yes,Credit card (automatic),102.40749999999998,1448.6,1
7572-KPVKK,Male,0,No,Yes,111.05165846079717,Yes,Yes,Fiber optic,No,No,Yes,Yes,Yes,Yes,Two year,Yes,Bank transfer (automatic),119.65749999999998,6590.5,0
6854-EXGSF,Female,0,No,No,57.051658460797164,Yes,Yes,DSL,Yes,Yes,Yes,No,No,No,Month-to-month,Yes,Mailed check,75.32499999999999,573.15,0
9483-GCPWE,Male,0,No,Yes,58.051658460797164,Yes,No,No,No internet service,No internet service,No internet service,No internet service,No internet service,No internet service,One year,No,Mailed check,23.115,190.25,1
8053-WWDRO,Female,0,Yes,No,55.051658460797164,Yes,No,No,No internet service,No internet service,No internet service,No internet service,No internet service,No internet service,Month-to-month,No,Bank transfer (automatic),22.424999999999997,146.3,1
9473-CBZOP,Female,0,No,No,77.05165846079717,Yes,Yes,DSL,Yes,No,Yes,No,No,No,One year,No,Mailed check,67.85,1654.45,0
3985-HOYPM,Male,0,No,No,75.05165846079717,Yes,No,No,No internet service,No internet service,No internet service,No internet service,No internet service,No internet service,One year,No,Electronic check,22.309999999999995,525.55,0
8378-LKJAF,Male,0,Yes,Yes,87.05165846079717,Yes,Yes,Fiber optic,No,No,Yes,No,Yes,Yes,Month-to-month,Yes,Electronic check,116.32249999999999,3956.7,0
1310-QRITU,Female,0,No,No,67.05165846079717,Yes,Yes,DSL,No,No,No,No,No,No,Month-to-month,Yes,Electronic check,57.84499999999999,913.3,0
3237-AJGEH,Female,0,Yes,Yes,52.051658460797164,No,No phone service,DSL,No,No,No,Yes,No,No,Month-to-month,Yes,Electronic check,35.65,95.05,1
6542-LWGXJ,Male,0,Yes,No,52.051658460797164,No,No phone service,DSL,No,No,No,No,No,No,Month-to-month,No,Electronic check,28.749999999999996,78.25,0
6953-PBDIN,Male,0,Yes,No,119.05165846079717,Yes,Yes,DSL,No,Yes,Yes,Yes,Yes,No,Two year,No,Credit card (automatic),83.8925,5265.55,0
6332-FBZRI,Male,0,Yes,Yes,116.05165846079717,Yes,Yes,DSL,Yes,Yes,Yes,Yes,No,No,One year,Yes,Electronic check,79.75249999999998,4653.25,0
9365-CSLBQ,Male,0,No,Yes,120.05165846079717,Yes,Yes,No,No internet service,No internet service,No internet service,No internet service,No internet service,No internet service,Two year,No,Electronic check,28.002499999999998,1654.6,0
3466-WAESX,Male,0,No,Yes,65.05165846079717,Yes,Yes,DSL,Yes,Yes,No,No,No,Yes,Month-to-month,Yes,Credit card (automatic),79.46499999999999,1083.7,0
9700-ISPUP,Female,0,Yes,Yes,59.051658460797164,Yes,No,DSL,No,Yes,No,Yes,No,Yes,Month-to-month,Yes,Credit card (automatic),75.32499999999999,616.9,0
5167-ZFFMM,Male,0,No,No,50.051658460797164,Yes,Yes,Fiber optic,No,Yes,No,No,No,Yes,Month-to-month,Yes,Credit card (automatic),104.47749999999999,90.85,1
7669-LCRSD,Male,0,Yes,Yes,61.051658460797164,Yes,No,DSL,No,No,No,No,Yes,No,Month-to-month,Yes,Credit card (automatic),64.74499999999999,628.65,1
0870-VEMYL,Female,0,No,No,54.051658460797164,Yes,No,DSL,Yes,No,No,Yes,No,No,Month-to-month,No,Credit card (automatic),61.927499999999995,259.8,1
2995-UPRYS,Female,1,Yes,No,89.05165846079717,Yes,No,Fiber optic,No,Yes,No,Yes,Yes,Yes,One year,Yes,Electronic check,114.08,4062.2,1
3179-GBRWV,Male,1,Yes,No,70.05165846079717,Yes,No,DSL,Yes,Yes,No,No,No,Yes,Month-to-month,Yes,Electronic check,74.6925,1339.8,0
0701-TJSEF,Male,0,No,No,58.051658460797164,Yes,No,DSL,Yes,No,Yes,Yes,No,Yes,Month-to-month,Yes,Bank transfer (automatic),78.4875,576.95,0
1848-LBZHY,Female,0,Yes,No,56.051658460797164,Yes,No,DSL,Yes,No,No,No,No,No,Month-to-month,Yes,Electronic check,57.84499999999999,355.1,0
5380-XPJNZ,Female,0,No,No,87.05165846079717,Yes,No,No,No internet service,No internet service,No internet service,No internet service,No internet service,No internet service,One year,No,Electronic check,23.057499999999997,678.2,0
6608-QQLVK,Male,0,No,No,50.051658460797164,Yes,No,DSL,No,No,Yes,No,No,No,Month-to-month,Yes,Bank transfer (automatic),58.074999999999996,50.5,1
1475-VWVDO,Male,0,No,No,56.051658460797164,Yes,No,Fiber optic,No,No,Yes,No,No,No,Month-to-month,Yes,Credit card (automatic),86.135,490.55,0
3721-CNEYS,Female,0,No,No,51.051658460797164,Yes,No,Fiber optic,No,No,No,No,No,No,Month-to-month,Yes,Mailed check,81.5925,137.95,1
4299-OPXEJ,Female,0,No,No,105.05165846079717,Yes,No,No,No internet service,No internet service,No internet service,No internet service,No internet service,No internet service,Two year,Yes,Credit card (automatic),22.482499999999998,1080.55,0
0096-BXERS,Female,0,Yes,No,55.051658460797164,Yes,Yes,DSL,No,No,No,No,No,No,Month-to-month,No,Credit card (automatic),57.902499999999996,314.55,0
3055-VTCGS,Female,0,No,No,112.05165846079717,Yes,No,DSL,No,No,Yes,No,No,Yes,One year,No,Electronic check,67.3325,3503.5,0
9405-GPBBG,Female,0,No,No,113.05165846079717,Yes,Yes,Fiber optic,No,Yes,Yes,Yes,Yes,Yes,Two year,Yes,Credit card (automatic),127.07499999999999,7069.25,0
6704-UTUKK,Male,0,Yes,No,78.05165846079717,No,No phone service,DSL,No,No,No,No,Yes,Yes,Month-to-month,Yes,Credit card (automatic),52.785,1332.4,1
9944-AEXBM,Male,0,No,No,81.05165846079717,Yes,Yes,Fiber optic,No,No,No,No,No,Yes,Month-to-month,Yes,Bank transfer (automatic),98.4975,2664.3,0
2545-EBUPK,Female,1,No,No,51.051658460797164,Yes,Yes,Fiber optic,No,No,No,No,No,Yes,Month-to-month,Yes,Electronic check,96.65749999999998,186.05,1
6270-OMFIW,Male,0,Yes,No,109.05165846079717,Yes,No,Fiber optic,No,Yes,No,No,Yes,Yes,One year,Yes,Credit card (automatic),108.56,5610.25,1
1852-XEMDW,Male,0,No,No,71.05165846079717,Yes,Yes,DSL,Yes,Yes,Yes,No,No,No,Month-to-month,No,Electronic check,74.80749999999999,1427.55,0
8158-WPEZG,Male,0,No,No,60.051658460797164,No,No phone service,DSL,No,Yes,No,Yes,No,No,Month-to-month,Yes,Mailed check,40.997499999999995,425.1,0
5198-EFNBM,Male,1,Yes,No,106.05165846079717,Yes,No,Fiber optic,No,Yes,Yes,No,Yes,No,One year,Yes,Mailed check,104.2475,5199.8,1
7663-RGWBC,Male,0,No,No,50.051658460797164,Yes,No,DSL,No,No,No,No,No,No,Month-to-month,Yes,Mailed check,50.772499999999994,44.15,1
3970-XGJDU,Female,0,No,No,111.05165846079717,Yes,No,No,No internet service,No internet service,No internet service,No internet service,No internet service,No internet service,Two year,Yes,Mailed check,22.08,1123.65,0
6845-RGTYS,Female,0,Yes,No,96.05165846079717,Yes,Yes,Fiber optic,Yes,Yes,Yes,No,Yes,No,Month-to-month,Yes,Mailed check,113.56249999999999,4533.7,1
0123-CRBRT,Female,0,Yes,Yes,110.05165846079717,Yes,Yes,DSL,Yes,Yes,Yes,Yes,Yes,Yes,Two year,No,Credit card (automatic),101.31499999999998,5526.75,0
6077-BDPXA,Female,0,No,No,52.051658460797164,Yes,No,Fiber optic,No,No,No,No,No,No,Month-to-month,Yes,Electronic check,80.6725,194.2,0
2250-IVBWA,Male,0,Yes,Yes,113.05165846079717,Yes,No,Fiber optic,Yes,Yes,No,No,No,No,Month-to-month,No,Bank transfer (automatic),93.2075,5135.35,1
6137-NICCO,Female,0,Yes,Yes,55.051658460797164,Yes,Yes,Fiber optic,No,Yes,Yes,No,Yes,No,Month-to-month,Yes,Mailed check,108.15749999999998,518.75,0
8129-GMVGI,Female,0,Yes,Yes,105.05165846079717,Yes,No,No,No internet service,No internet service,No internet service,No internet service,No internet service,No internet service,Two year,No,Electronic check,23.057499999999997,1090.1,0
4353-HYOJD,Female,0,Yes,Yes,76.05165846079717,Yes,No,DSL,No,Yes,No,No,No,No,Month-to-month,No,Electronic check,57.3275,1336.15,0
8671-KKKOS,Female,0,Yes,No,95.05165846079717,No,No phone service,DSL,Yes,Yes,No,No,Yes,No,Month-to-month,No,Mailed check,52.38249999999999,2062.15,0
8080-DDEMJ,Male,1,No,No,50.051658460797164,Yes,No,DSL,No,No,No,No,No,No,Month-to-month,No,Electronic check,51.864999999999995,45.1,0
6698-OXETB,Male,0,No,No,60.051658460797164,Yes,No,No,No internet service,No internet service,No internet service,No internet service,No internet service,No internet service,Two year,No,Credit card (automatic),23.459999999999997,231.45,0
3312-UUMZW,Male,0,Yes,No,81.05165846079717,Yes,Yes,Fiber optic,No,Yes,No,No,Yes,Yes,Month-to-month,Yes,Bank transfer (automatic),113.67749999999998,3145.9,0
6376-GAHQE,Male,0,No,No,53.051658460797164,Yes,No,Fiber optic,No,No,No,No,Yes,No,Month-to-month,No,Electronic check,89.52749999999999,299.2,1
0733-VUNUW,Male,0,No,No,73.05165846079717,Yes,Yes,DSL,Yes,No,No,No,No,No,Month-to-month,Yes,Bank transfer (automatic),63.997499999999995,1400.55,1
6733-LRIZX,Male,0,No,No,84.05165846079717,Yes,Yes,Fiber optic,Yes,No,Yes,Yes,Yes,Yes,Two year,Yes,Electronic check,125.29249999999999,4025.5,0
2165-VOEGB,Female,0,No,Yes,95.05165846079717,Yes,No,Fiber optic,Yes,Yes,No,Yes,Yes,Yes,One year,Yes,Credit card (automatic),120.97999999999999,4822.85,1
1853-UDXBW,Male,0,Yes,Yes,50.051658460797164,Yes,No,Fiber optic,No,No,No,No,No,No,Month-to-month,Yes,Credit card (automatic),80.5,70.0,1
9070-BCKQP,Female,0,Yes,No,121.05165846079717,Yes,Yes,Fiber optic,Yes,No,Yes,Yes,Yes,Yes,Two year,Yes,Bank transfer (automatic),126.6725,7881.2,0
1035-IPQPU,Female,1,Yes,No,112.05165846079717,Yes,Yes,Fiber optic,No,Yes,Yes,No,Yes,Yes,Month-to-month,Yes,Bank transfer (automatic),119.02499999999999,6479.4,0
2057-ZBLPD,Female,0,Yes,No,70.05165846079717,Yes,Yes,Fiber optic,No,No,No,No,No,Yes,Month-to-month,Yes,Credit card (automatic),99.475,1808.7,1
6967-PEJLL,Male,0,Yes,Yes,86.05165846079717,No,No phone service,DSL,Yes,No,Yes,Yes,No,No,One year,Yes,Electronic check,46.23,1525.35,0
7879-CGSFV,Male,0,No,No,104.05165846079717,Yes,No,Fiber optic,Yes,Yes,No,No,Yes,Yes,One year,Yes,Credit card (automatic),116.035,5552.05,1
2257-BOVXD,Male,0,Yes,No,63.051658460797164,Yes,Yes,DSL,No,No,No,Yes,Yes,No,Month-to-month,Yes,Credit card (automatic),76.58999999999999,979.5,0
9822-BIIGN,Male,0,Yes,Yes,102.05165846079717,Yes,Yes,DSL,Yes,No,No,Yes,No,Yes,Month-to-month,No,Electronic check,82.62749999999998,3827.9,0
1136-XGEQU,Female,0,Yes,Yes,99.05165846079717,Yes,Yes,DSL,No,Yes,Yes,Yes,Yes,Yes,One year,Yes,Credit card (automatic),96.7725,4164.4,0
2439-LYPMQ,Male,1,Yes,No,87.05165846079717,Yes,Yes,Fiber optic,No,Yes,Yes,No,Yes,Yes,Month-to-month,Yes,Credit card (automatic),117.98999999999998,4009.2,0
6543-XRMYR,Female,1,No,No,79.05165846079717,Yes,Yes,Fiber optic,No,Yes,No,No,Yes,Yes,Month-to-month,Yes,Bank transfer (automatic),114.655,2967.35,0
5753-QQWPW,Female,0,No,No,77.05165846079717,Yes,No,DSL,Yes,Yes,No,Yes,No,No,One year,Yes,Electronic check,68.88499999999999,1654.7,0
4785-QRJHC,Male,1,Yes,No,95.05165846079717,No,No phone service,DSL,No,Yes,Yes,Yes,Yes,Yes,One year,Yes,Electronic check,68.88499999999999,2816.65,1
0052-YNYOT,Female,0,No,No,116.05165846079717,Yes,No,No,No internet service,No internet service,No internet service,No internet service,No internet service,No internet service,One year,No,Electronic check,23.6325,1343.4,0
7054-LGEQW,Female,0,No,No,50.051658460797164,Yes,No,DSL,No,No,No,No,No,No,Month-to-month,No,Credit card (automatic),52.8425,45.95,1
0608-JDVEC,Male,0,Yes,No,99.05165846079717,Yes,No,No,No internet service,No internet service,No internet service,No internet service,No internet service,No internet service,Two year,No,Electronic check,22.77,1013.2,0
6284-KMNUF,Female,0,Yes,No,105.05165846079717,Yes,Yes,Fiber optic,Yes,No,No,No,Yes,Yes,One year,Yes,Mailed check,112.69999999999999,5270.6,0
6286-SUUWT,Male,0,No,No,50.051658460797164,Yes,No,No,No internet service,No internet service,No internet service,No internet service,No internet service,No internet service,Month-to-month,No,Bank transfer (automatic),22.9425,19.95,1
3594-KADLU,Male,0,Yes,No,52.051658460797164,No,No phone service,DSL,Yes,No,No,Yes,No,No,Month-to-month,No,Credit card (automatic),40.365,101.1,0
0536-ACXIP,Female,0,Yes,No,121.05165846079717,Yes,Yes,Fiber optic,Yes,Yes,Yes,No,Yes,Yes,Two year,Yes,Bank transfer (automatic),125.98249999999999,8165.1,0
8869-TORSS,Female,0,No,No,97.05165846079717,Yes,No,DSL,Yes,No,Yes,Yes,No,No,One year,Yes,Mailed check,69.40249999999999,2896.4,0
0373-AIVNJ,Male,0,No,No,58.051658460797164,No,No phone service,DSL,Yes,Yes,Yes,No,No,No,One year,No,Mailed check,45.482499999999995,373.0,0
6429-SHBCB,Male,0,No,No,68.05165846079717,Yes,Yes,DSL,No,No,No,No,Yes,Yes,Month-to-month,No,Bank transfer (automatic),80.03999999999999,1394.55,1
5751-USDBL,Male,0,Yes,Yes,95.05165846079717,Yes,No,DSL,Yes,No,Yes,Yes,Yes,Yes,Two year,No,Mailed check,93.14999999999999,3846.35,1
6815-ABQFQ,Male,0,Yes,No,105.05165846079717,Yes,Yes,Fiber optic,No,Yes,No,Yes,Yes,Yes,One year,Yes,Electronic check,123.33749999999999,6033.3,0
9450-TRJUU,Male,0,No,No,84.05165846079717,Yes,Yes,Fiber optic,No,No,No,No,Yes,No,Month-to-month,No,Bank transfer (automatic),95.6225,2848.45,0
2805-AUFQN,Female,0,No,No,74.05165846079717,Yes,No,No,No internet service,No internet service,No internet service,No internet service,No internet service,No internet service,Two year,No,Mailed check,22.77,475.2,1
7855-DIWPO,Female,0,No,No,70.05165846079717,Yes,No,Fiber optic,No,No,No,No,No,No,Month-to-month,Yes,Electronic check,78.9475,1493.2,0
0174-QRVVY,Male,0,Yes,Yes,120.05165846079717,Yes,Yes,No,No internet service,No internet service,No internet service,No internet service,No internet service,No internet service,Two year,No,Bank transfer (automatic),29.1525,1847.55,0
9507-EXLTT,Female,0,Yes,No,50.051658460797164,Yes,No,Fiber optic,No,No,No,No,Yes,No,Month-to-month,Yes,Electronic check,91.25249999999998,79.35,1
8390-FESFV,Female,0,No,No,111.05165846079717,Yes,Yes,DSL,No,Yes,Yes,Yes,Yes,Yes,Two year,No,Electronic check,97.175,5193.2,0
0661-KBKPA,Male,0,Yes,Yes,102.05165846079717,Yes,Yes,DSL,No,No,Yes,Yes,Yes,Yes,One year,Yes,Credit card (automatic),90.5625,3942.45,1
6856-RAURS,Female,0,No,No,51.051658460797164,Yes,Yes,Fiber optic,No,No,No,No,No,No,Month-to-month,Yes,Credit card (automatic),86.135,136.05,0
7322-OCWHC,Male,1,Yes,No,121.05165846079717,Yes,Yes,Fiber optic,Yes,Yes,Yes,Yes,No,No,Two year,Yes,Electronic check,107.0075,6735.05,0
2203-GHNWN,Female,0,Yes,No,73.05165846079717,Yes,Yes,Fiber optic,No,No,Yes,No,No,No,Month-to-month,Yes,Mailed check,91.5975,1928.7,0
3413-CSSTH,Male,0,No,No,90.05165846079717,Yes,Yes,DSL,No,No,Yes,No,No,No,Month-to-month,Yes,Mailed check,64.05499999999999,2237.55,1
3006-XIMLN,Female,0,No,Yes,51.051658460797164,Yes,Yes,Fiber optic,No,No,No,No,Yes,Yes,Month-to-month,Yes,Mailed check,108.33,193.8,1
3750-CKVKH,Male,0,No,No,51.051658460797164,Yes,No,Fiber optic,No,No,No,No,No,No,Month-to-month,Yes,Bank transfer (automatic),77.9125,116.65,1
0576-WNXXC,Male,1,Yes,No,76.05165846079717,Yes,Yes,Fiber optic,No,Yes,Yes,No,No,Yes,Month-to-month,Yes,Bank transfer (automatic),109.8825,2510.2,1
7056-IMHCC,Male,1,Yes,No,102.05165846079717,Yes,Yes,Fiber optic,No,Yes,No,No,Yes,Yes,Month-to-month,Yes,Credit card (automatic),117.185,5549.4,1
0866-QLSIR,Female,0,No,No,83.05165846079717,Yes,Yes,DSL,Yes,Yes,No,Yes,No,No,One year,Yes,Electronic check,74.06,2088.75,0
1628-BIZYP,Male,0,No,No,50.051658460797164,Yes,No,Fiber optic,No,Yes,No,No,No,Yes,Month-to-month,Yes,Credit card (automatic),97.74999999999999,85.0,0
2230-XTUWL,Female,0,Yes,Yes,97.05165846079717,Yes,No,No,No internet service,No internet service,No internet service,No internet service,No internet service,No internet service,Two year,No,Electronic check,22.482499999999998,883.35,0
1980-KXVPM,Female,1,No,No,52.051658460797164,Yes,Yes,Fiber optic,No,No,No,No,No,No,Month-to-month,Yes,Mailed check,86.30749999999999,256.25,1
8619-IJNDK,Female,0,Yes,Yes,120.05165846079717,Yes,No,DSL,Yes,Yes,Yes,Yes,No,No,Two year,No,Electronic check,73.65749999999998,4492.9,0
2960-NKRSO,Male,0,No,No,73.05165846079717,Yes,No,Fiber optic,No,Yes,Yes,Yes,No,No,Month-to-month,Yes,Mailed check,98.8425,2107.15,0
6705-LXORM,Female,1,Yes,No,54.051658460797164,Yes,No,Fiber optic,No,No,No,No,No,No,Month-to-month,No,Credit card (automatic),80.55749999999999,302.6,0
7130-VTEWQ,Female,1,No,No,57.051658460797164,Yes,Yes,Fiber optic,No,No,No,No,No,No,Month-to-month,Yes,Mailed check,87.1125,606.25,1
9364-YKUVW,Male,0,No,No,64.05165846079717,Yes,No,No,No internet service,No internet service,No internet service,No internet service,No internet service,No internet service,Month-to-month,Yes,Mailed check,22.77,309.4,1
2761-OCIAX,Male,1,No,No,51.051658460797164,Yes,No,Fiber optic,No,Yes,No,No,No,No,Month-to-month,Yes,Bank transfer (automatic),85.905,165.4,1
7996-BPXHY,Female,0,Yes,Yes,62.051658460797164,Yes,Yes,No,No internet service,No internet service,No internet service,No internet service,No internet service,No internet service,Two year,Yes,Electronic check,28.749999999999996,332.5,0
4248-QPAVC,Female,1,Yes,No,66.05165846079717,Yes,Yes,Fiber optic,Yes,No,Yes,No,No,No,Month-to-month,Yes,Credit card (automatic),98.15249999999999,1463.45,1
9357-UJRUN,Male,0,Yes,No,73.05165846079717,Yes,Yes,DSL,Yes,No,No,Yes,No,No,One year,Yes,Credit card (automatic),67.10249999999999,1346.9,0
6340-DACFT,Female,0,Yes,Yes,99.05165846079717,Yes,No,No,No internet service,No internet service,No internet service,No internet service,No internet service,No internet service,Two year,No,Electronic check,23.6325,1070.25,0
1023-BQXZE,Male,0,No,No,106.05165846079717,Yes,No,DSL,Yes,No,Yes,No,Yes,Yes,Two year,Yes,Credit card (automatic),85.50249999999998,4317.35,0
5480-HPRRX,Female,1,No,No,52.051658460797164,No,No phone service,DSL,No,No,No,No,No,No,Month-to-month,No,Bank transfer (automatic),29.095,77.75,1
9576-SYUHJ,Male,0,No,No,86.05165846079717,Yes,Yes,Fiber optic,Yes,No,No,No,Yes,No,Month-to-month,Yes,Electronic check,104.8225,3369.25,0
2169-RRLFW,Female,0,Yes,No,120.05165846079717,Yes,Yes,No,No internet service,No internet service,No internet service,No internet service,No internet service,No internet service,Two year,No,Electronic check,29.439999999999998,1888.25,0
8338-QIUNR,Male,0,Yes,Yes,121.05165846079717,Yes,Yes,DSL,Yes,No,Yes,Yes,No,No,Two year,Yes,Bank transfer (automatic),76.475,4811.6,0
0463-TXOAK,Male,0,No,Yes,101.05165846079717,Yes,Yes,No,No internet service,No internet service,No internet service,No internet service,No internet service,No internet service,Two year,No,Electronic check,29.439999999999998,1334.5,0
4396-KLSEH,Male,0,No,No,53.051658460797164,Yes,No,No,No internet service,No internet service,No internet service,No internet service,No internet service,No internet service,Month-to-month,Yes,Mailed check,22.8275,63.0,0
5186-EJEGL,Male,0,No,No,58.051658460797164,Yes,No,DSL,Yes,No,Yes,Yes,Yes,No,Month-to-month,Yes,Credit card (automatic),79.925,653.25,0
9334-GWGOW,Male,1,Yes,No,56.051658460797164,Yes,Yes,Fiber optic,No,No,No,No,No,No,Month-to-month,Yes,Credit card (automatic),86.07749999999999,485.25,0
5696-JVVQY,Female,0,Yes,Yes,97.05165846079717,Yes,No,DSL,Yes,Yes,Yes,No,No,Yes,Two year,Yes,Credit card (automatic),80.61499999999998,3238.4,0
9633-DENPU,Female,0,Yes,No,96.05165846079717,Yes,No,DSL,No,Yes,No,No,Yes,No,Month-to-month,Yes,Credit card (automatic),67.39,2723.4,0
0581-BXBUB,Female,1,No,No,53.051658460797164,Yes,No,Fiber optic,No,Yes,No,No,No,No,Month-to-month,No,Credit card (automatic),83.6625,317.75,1
2750-BJLSB,Female,0,No,No,96.05165846079717,Yes,No,Fiber optic,Yes,No,Yes,Yes,Yes,Yes,One year,Yes,Bank transfer (automatic),119.255,4730.6,0
2770-NSVDG,Male,0,Yes,No,73.05165846079717,No,No phone service,DSL,No,No,Yes,No,No,No,Month-to-month,No,Bank transfer (automatic),33.464999999999996,688.0,1
8280-MQRQN,Female,0,No,No,50.051658460797164,Yes,No,DSL,No,No,Yes,No,No,No,Month-to-month,Yes,Mailed check,58.0175,50.45,1
7851-FLGGQ,Male,0,No,No,50.051658460797164,No,No phone service,DSL,No,Yes,No,Yes,No,Yes,Month-to-month,Yes,Mailed check,51.3475,44.65,1
9374-YOLBJ,Female,0,Yes,Yes,50.051658460797164,Yes,No,No,No internet service,No internet service,No internet service,No internet service,No internet service,No internet service,Month-to-month,No,Mailed check,22.1375,19.25,0
6583-SZVGP,Male,0,No,No,97.05165846079717,Yes,Yes,Fiber optic,No,Yes,Yes,No,Yes,Yes,Two year,Yes,Electronic check,124.31499999999998,5067.45,0
2150-OEGBV,Male,0,No,No,76.05165846079717,Yes,No,No,No internet service,No internet service,No internet service,No internet service,No internet service,No internet service,One year,No,Electronic check,23.115,562.6,0
9372-TXXPS,Female,0,Yes,No,109.05165846079717,Yes,No,DSL,Yes,Yes,No,Yes,No,No,Two year,No,Electronic check,68.8275,3483.45,0
6933-FHBZC,Female,0,No,No,75.05165846079717,Yes,No,DSL,No,Yes,Yes,No,No,No,One year,Yes,Electronic check,64.4575,1553.2,0
4698-KVLLG,Female,1,No,No,100.05165846079717,Yes,No,No,No internet service,No internet service,No internet service,No internet service,No internet service,No internet service,Two year,No,Electronic check,22.54,967.9,0
8752-STIVR,Female,0,No,No,53.051658460797164,Yes,No,Fiber optic,No,No,No,No,Yes,No,Month-to-month,Yes,Electronic check,90.85,303.15,1
8623-ULFNQ,Female,1,No,No,75.05165846079717,Yes,Yes,DSL,No,No,No,Yes,No,Yes,Month-to-month,Yes,Mailed check,75.9575,1652.4,0
9822-WMWVG,Female,0,No,No,90.05165846079717,Yes,Yes,Fiber optic,Yes,Yes,Yes,Yes,Yes,No,Month-to-month,Yes,Electronic check,122.475,4282.4,0
4304-TSPVK,Female,0,Yes,No,117.05165846079717,Yes,Yes,Fiber optic,Yes,Yes,Yes,Yes,Yes,Yes,Two year,No,Mailed check,132.135,7843.55,0
1716-LSAMB,Male,0,Yes,Yes,94.05165846079717,Yes,No,DSL,Yes,No,No,Yes,No,No,Two year,No,Credit card (automatic),62.8475,2553.7,0
3523-QRQLL,Female,0,Yes,Yes,71.05165846079717,Yes,No,DSL,No,Yes,No,No,Yes,Yes,One year,Yes,Electronic check,79.925,1498.2,1
2187-PKZAY,Male,0,No,No,61.051658460797164,Yes,No,Fiber optic,No,No,No,No,No,Yes,Month-to-month,Yes,Bank transfer (automatic),91.9425,1043.4,0
1895-QTKDO,Female,0,No,No,50.051658460797164,Yes,No,DSL,No,No,No,No,No,No,Month-to-month,No,Electronic check,50.5425,43.95,0
8161-QYMTT,Male,0,No,No,56.051658460797164,Yes,Yes,Fiber optic,No,No,No,No,Yes,Yes,Month-to-month,Yes,Credit card (automatic),108.21499999999999,701.3,0
2955-PSXOE,Female,0,No,No,50.051658460797164,Yes,No,No,No internet service,No internet service,No internet service,No internet service,No internet service,No internet service,Month-to-month,Yes,Credit card (automatic),23.229999999999997,20.2,1
6834-NXDCA,Female,0,No,No,62.051658460797164,No,No phone service,DSL,No,No,No,No,No,No,Month-to-month,Yes,Credit card (automatic),27.484999999999996,300.8,1
8701-DGLVH,Male,0,No,No,100.05165846079717,Yes,No,No,No internet service,No internet service,No internet service,No internet service,No internet service,No internet service,Two year,No,Mailed check,23.5175,1042.65,0
2480-SQIOB,Male,0,Yes,Yes,53.051658460797164,Yes,No,DSL,No,No,No,No,No,No,Month-to-month,No,Bank transfer (automatic),51.519999999999996,169.65,1
4993-JCRGJ,Male,0,No,No,75.05165846079717,Yes,Yes,Fiber optic,No,No,Yes,Yes,No,No,Month-to-month,Yes,Bank transfer (automatic),96.945,2281.6,1
0581-MDMPW,Female,0,No,No,73.05165846079717,Yes,Yes,Fiber optic,No,No,Yes,No,Yes,No,Month-to-month,Yes,Credit card (automatic),102.29249999999999,2072.75,0
7789-CRUVC,Female,1,Yes,No,110.05165846079717,Yes,Yes,Fiber optic,Yes,Yes,Yes,Yes,No,No,Month-to-month,Yes,Bank transfer (automatic),108.33,5895.45,0
0164-APGRB,Female,0,No,No,121.05165846079717,Yes,Yes,Fiber optic,Yes,Yes,Yes,Yes,Yes,Yes,Two year,Yes,Electronic check,132.135,8496.7,0
8034-RYTVV,Female,0,No,No,104.05165846079717,Yes,Yes,Fiber optic,Yes,No,Yes,No,No,No,One year,Yes,Electronic check,96.88749999999999,4589.85,0
3018-TFTSU,Male,0,No,No,61.051658460797164,Yes,No,Fiber optic,Yes,No,Yes,No,No,No,Month-to-month,No,Electronic check,93.955,858.6,1
9777-IQHWP,Male,0,Yes,Yes,113.05165846079717,Yes,Yes,Fiber optic,Yes,No,Yes,No,No,Yes,Two year,No,Credit card (automatic),107.41,5822.3,0
6899-PPEEA,Female,1,No,No,86.05165846079717,Yes,Yes,Fiber optic,No,No,No,No,Yes,Yes,Month-to-month,Yes,Mailed check,111.03249999999998,3580.3,1
6701-YVNQG,Male,0,Yes,No,121.05165846079717,Yes,Yes,DSL,Yes,Yes,Yes,Yes,Yes,Yes,Two year,Yes,Electronic check,102.005,6301.7,0
7649-PHJVR,Male,0,No,No,60.051658460797164,Yes,No,No,No internet service,No internet service,No internet service,No internet service,No internet service,No internet service,One year,No,Electronic check,22.424999999999997,226.8,0
9278-VZKCD,Female,1,Yes,No,101.05165846079717,Yes,Yes,Fiber optic,Yes,Yes,Yes,No,Yes,Yes,Month-to-month,Yes,Electronic check,125.46499999999999,5647.95,0
7636-PEPNS,Female,0,Yes,Yes,107.05165846079717,Yes,No,DSL,No,No,No,No,No,No,One year,Yes,Credit card (automatic),50.714999999999996,2413.05,0
1575-KRZZE,Female,0,No,No,53.051658460797164,Yes,No,DSL,Yes,Yes,No,No,No,No,Month-to-month,No,Credit card (automatic),63.48,220.65,0
8590-OHDIW,Female,0,Yes,Yes,87.05165846079717,Yes,No,No,No internet service,No internet service,No internet service,No internet service,No internet service,No internet service,One year,No,Credit card (automatic),23.345,749.35,0
7764-BDPEE,Male,0,No,Yes,52.051658460797164,Yes,No,No,No internet service,No internet service,No internet service,No internet service,No internet service,No internet service,Month-to-month,No,Electronic check,23.9775,60.65,0
9480-BQJEI,Male,0,No,No,111.05165846079717,Yes,Yes,Fiber optic,Yes,Yes,No,No,No,Yes,One year,Yes,Credit card (automatic),106.14499999999998,5731.45,0
3354-OADJP,Female,0,No,No,57.051658460797164,Yes,No,DSL,Yes,No,No,Yes,No,No,One year,No,Credit card (automatic),62.387499999999996,447.75,0
3181-MIZBN,Male,0,Yes,Yes,65.05165846079717,Yes,No,No,No internet service,No internet service,No internet service,No internet service,No internet service,No internet service,Month-to-month,No,Bank transfer (automatic),22.7125,313.4,0
9327-QSDED,Male,0,No,No,57.051658460797164,Yes,No,DSL,No,No,No,No,No,No,Month-to-month,No,Bank transfer (automatic),50.082499999999996,335.4,0
4892-VLANZ,Male,0,No,No,50.051658460797164,Yes,No,No,No internet service,No internet service,No internet service,No internet service,No internet service,No internet service,Month-to-month,No,Mailed check,22.77,19.8,0
0298-XACET,Male,0,Yes,Yes,101.05165846079717,No,No phone service,DSL,No,Yes,Yes,Yes,Yes,No,Two year,No,Bank transfer (automatic),57.73,2554.0,0
6917-FIJHC,Female,0,Yes,No,121.05165846079717,Yes,Yes,No,No internet service,No internet service,No internet service,No internet service,No internet service,No internet service,Two year,Yes,Mailed check,29.9,1776.0,0
6557-BZXLQ,Male,1,No,No,65.05165846079717,Yes,No,Fiber optic,No,No,No,No,No,No,Month-to-month,No,Mailed check,80.0975,1043.3,0
2432-TFSMK,Male,0,No,No,67.05165846079717,Yes,Yes,Fiber optic,No,No,Yes,No,Yes,No,One year,Yes,Mailed check,103.03999999999999,1633.0,0
4211-MMAZN,Male,0,No,No,50.051658460797164,Yes,No,No,No internet service,No internet service,No internet service,No internet service,No internet service,No internet service,Month-to-month,No,Bank transfer (automatic),23.287499999999998,20.25,0
4751-ERMAN,Male,0,Yes,Yes,121.05165846079717,Yes,No,DSL,No,Yes,Yes,No,Yes,Yes,Two year,Yes,Electronic check,86.71,5480.25,0
8430-TWCBX,Female,0,Yes,No,98.05165846079717,Yes,No,No,No internet service,No internet service,No internet service,No internet service,No internet service,No internet service,One year,No,Electronic check,23.804999999999996,1032.05,0
1942-OQFRW,Male,0,No,No,50.051658460797164,Yes,No,DSL,No,No,No,No,No,No,Month-to-month,No,Electronic check,50.599999999999994,44.0,1
4075-JFPGR,Female,0,Yes,No,100.05165846079717,Yes,No,Fiber optic,Yes,Yes,Yes,No,Yes,No,One year,Yes,Bank transfer (automatic),107.52499999999999,4619.55,0
3339-EAQNV,Male,1,Yes,No,121.05165846079717,Yes,Yes,Fiber optic,No,Yes,No,No,Yes,Yes,One year,Yes,Credit card (automatic),111.83749999999999,7133.1,0
5329-KRDTM,Male,1,Yes,No,121.05165846079717,Yes,Yes,DSL,No,Yes,Yes,Yes,Yes,No,Two year,No,Credit card (automatic),88.95249999999999,5396.25,0
0307-BCOPK,Female,0,No,No,65.05165846079717,Yes,No,No,No internet service,No internet service,No internet service,No internet service,No internet service,No internet service,One year,No,Bank transfer (automatic),21.9075,326.65,0
6473-ULUHT,Male,0,Yes,Yes,65.05165846079717,Yes,Yes,DSL,Yes,Yes,No,Yes,Yes,Yes,Month-to-month,No,Electronic check,97.635,1398.25,0
1194-SPVSP,Male,0,No,No,50.051658460797164,Yes,No,No,No internet service,No internet service,No internet service,No internet service,No internet service,No internet service,Month-to-month,No,Electronic check,22.597499999999997,19.65,0
7249-WBIYX,Male,0,Yes,No,59.051658460797164,Yes,Yes,Fiber optic,No,No,No,No,Yes,No,Month-to-month,Yes,Credit card (automatic),98.43999999999998,813.85,1
2293-IJWPS,Female,0,Yes,No,106.05165846079717,Yes,Yes,Fiber optic,No,No,Yes,No,Yes,Yes,One year,Yes,Mailed check,115.8625,5985.0,1
4377-VDHYI,Male,0,Yes,Yes,81.05165846079717,Yes,No,Fiber optic,Yes,Yes,No,No,No,Yes,One year,Yes,Bank transfer (automatic),104.41999999999999,3023.85,0
0019-EFAEP,Female,0,No,No,121.05165846079717,Yes,Yes,Fiber optic,Yes,Yes,Yes,No,Yes,No,Two year,Yes,Bank transfer (automatic),116.49499999999999,7261.25,0
2480-EJWYP,Female,1,Yes,No,107.05165846079717,Yes,Yes,Fiber optic,No,Yes,No,No,Yes,Yes,One year,Yes,Credit card (automatic),112.46999999999998,5458.8,0
8970-ANWXO,Female,0,No,No,72.05165846079717,Yes,Yes,DSL,No,No,No,Yes,Yes,Yes,One year,Yes,Mailed check,84.8125,1756.6,0
8739-WWKDU,Male,1,No,No,74.05165846079717,Yes,Yes,Fiber optic,No,Yes,No,No,Yes,No,Month-to-month,Yes,Electronic check,102.925,2196.15,1
2171-UDMFD,Male,0,Yes,Yes,81.05165846079717,Yes,No,No,No internet service,No internet service,No internet service,No internet service,No internet service,No internet service,Month-to-month,Yes,Electronic check,22.367499999999996,674.55,0
7036-TYDEC,Female,0,No,No,118.05165846079717,Yes,Yes,Fiber optic,No,No,Yes,Yes,Yes,Yes,Two year,No,Electronic check,119.6,7028.5,0
3831-YCPUO,Female,0,Yes,Yes,121.05165846079717,Yes,No,Fiber optic,Yes,Yes,Yes,Yes,Yes,Yes,Two year,Yes,Bank transfer (automatic),125.925,7854.9,0
0121-SNYRK,Male,0,No,No,99.05165846079717,No,No phone service,DSL,Yes,No,No,Yes,No,No,One year,Yes,Mailed check,40.709999999999994,1748.9,0
3325-FUYCG,Male,0,Yes,Yes,77.05165846079717,Yes,Yes,Fiber optic,Yes,Yes,No,No,Yes,Yes,One year,No,Electronic check,122.01499999999999,2847.4,0
1952-DVVSW,Female,0,Yes,No,59.051658460797164,Yes,No,No,No internet service,No internet service,No internet service,No internet service,No internet service,No internet service,One year,No,Mailed check,23.115,184.4,0
3571-DPYUH,Male,0,Yes,Yes,107.05165846079717,Yes,Yes,Fiber optic,No,Yes,No,Yes,Yes,No,One year,Yes,Mailed check,108.905,5430.35,1
2077-MPJQO,Male,1,Yes,No,56.051658460797164,Yes,Yes,Fiber optic,No,No,No,No,No,No,Month-to-month,Yes,Electronic check,86.71,533.05,0
2391-SOORI,Male,0,No,Yes,53.051658460797164,Yes,No,DSL,Yes,No,No,No,No,No,Month-to-month,No,Mailed check,56.7525,219.65,1
4086-ATNFV,Female,0,Yes,Yes,83.05165846079717,Yes,No,DSL,Yes,Yes,Yes,No,No,No,One year,Yes,Bank transfer (automatic),69.91999999999999,2042.05,0
3396-DKDEL,Female,0,Yes,Yes,119.05165846079717,Yes,Yes,Fiber optic,Yes,Yes,Yes,Yes,Yes,Yes,Two year,Yes,Bank transfer (automatic),132.42249999999999,8250.0,0
7471-MQPOS,Male,1,Yes,Yes,120.05165846079717,Yes,Yes,DSL,No,Yes,Yes,Yes,No,Yes,One year,Yes,Mailed check,83.835,5139.65,0
7181-OQCUT,Male,0,No,No,70.05165846079717,Yes,Yes,Fiber optic,Yes,No,Yes,No,Yes,Yes,Month-to-month,No,Electronic check,119.42749999999998,2215.0,0
3489-VSFRD,Female,0,No,No,105.05165846079717,Yes,No,DSL,Yes,No,Yes,Yes,No,No,One year,Yes,Bank transfer (automatic),69.2875,3282.75,1
6283-GITPX,Male,0,No,Yes,120.05165846079717,Yes,No,DSL,Yes,Yes,Yes,Yes,Yes,No,Two year,Yes,Credit card (automatic),88.435,5522.7,0
2845-HSJCY,Female,0,Yes,Yes,63.051658460797164,Yes,Yes,Fiber optic,No,No,Yes,No,No,Yes,Month-to-month,Yes,Electronic check,100.33749999999999,1258.6,1
7216-KAOID,Male,0,Yes,Yes,90.05165846079717,Yes,No,No,No internet service,No internet service,No internet service,No internet service,No internet service,No internet service,One year,No,Credit card (automatic),22.424999999999997,798.2,1
6680-WKXRZ,Female,0,No,No,52.051658460797164,Yes,Yes,Fiber optic,No,No,No,No,No,No,Month-to-month,No,Bank transfer (automatic),85.56,215.8,1
2346-LOCWC,Female,0,Yes,Yes,107.05165846079717,Yes,No,No,No internet service,No internet service,No internet service,No internet service,No internet service,No internet service,Two year,No,Mailed check,23.575,1191.4,0
0769-MURVM,Female,0,Yes,Yes,121.05165846079717,No,No phone service,DSL,Yes,Yes,Yes,Yes,Yes,Yes,Two year,No,Mailed check,75.55499999999999,4575.35,1
3374-LXDEV,Female,0,No,No,62.051658460797164,Yes,Yes,Fiber optic,No,Yes,Yes,Yes,No,No,Month-to-month,No,Mailed check,102.81,1132.35,0
5318-YKDPV,Male,0,Yes,Yes,92.05165846079717,Yes,No,DSL,Yes,No,Yes,Yes,Yes,Yes,Two year,Yes,Mailed check,91.0225,3566.6,1
8190-ZTQFB,Male,0,No,No,90.05165846079717,No,No phone service,DSL,No,No,Yes,No,Yes,Yes,One year,Yes,Bank transfer (automatic),59.052499999999995,2075.1,0
4512-ZUIYL,Female,0,No,No,51.051658460797164,Yes,No,Fiber optic,No,No,No,No,No,No,Month-to-month,No,Mailed check,80.5,153.05,1
3090-QFUVD,Female,0,No,No,50.051658460797164,Yes,No,No,No internet service,No internet service,No internet service,No internet service,No internet service,No internet service,Month-to-month,No,Electronic check,23.345,20.3,0
4806-KEXQR,Male,0,No,No,53.051658460797164,Yes,No,Fiber optic,No,No,No,No,No,Yes,Month-to-month,Yes,Mailed check,91.885,324.3,1
2369-FEVNO,Male,0,No,No,50.051658460797164,Yes,No,No,No internet service,No internet service,No internet service,No internet service,No internet service,No internet service,Month-to-month,Yes,Bank transfer (automatic),22.884999999999998,19.9,0
9637-CDTKZ,Male,0,Yes,No,121.05165846079717,Yes,Yes,Fiber optic,Yes,Yes,Yes,Yes,Yes,Yes,Two year,Yes,Electronic check,131.21499999999997,8086.4,0
2954-PIBKO,Female,0,Yes,Yes,118.05165846079717,Yes,Yes,DSL,Yes,No,Yes,Yes,No,No,Two year,Yes,Electronic check,73.7725,4254.1,0
2212-LYASK,Male,0,Yes,Yes,76.05165846079717,No,No phone service,DSL,No,Yes,Yes,No,No,Yes,One year,Yes,Credit card (automatic),52.7275,1246.4,0
9481-SFCQY,Female,0,No,Yes,63.051658460797164,Yes,No,DSL,No,No,Yes,No,Yes,No,Month-to-month,Yes,Electronic check,68.77,824.85,1
2828-SLQPF,Male,0,No,No,68.05165846079717,Yes,No,DSL,No,No,No,No,No,No,Month-to-month,Yes,Electronic check,51.74999999999999,865.85,0
4647-MUZON,Female,0,Yes,No,67.05165846079717,Yes,No,Fiber optic,No,No,Yes,No,Yes,Yes,Month-to-month,Yes,Electronic check,110.3425,1745.5,1
8212-DJRCH,Male,0,Yes,Yes,54.051658460797164,Yes,No,Fiber optic,Yes,No,Yes,No,No,Yes,Month-to-month,Yes,Mailed check,103.90249999999999,434.5,0
0516-OOHAR,Male,0,Yes,Yes,77.05165846079717,Yes,No,Fiber optic,No,Yes,Yes,No,Yes,Yes,One year,No,Electronic check,115.40249999999999,2799.0,0
4973-RLZVI,Female,0,No,No,79.05165846079717,Yes,No,DSL,Yes,Yes,Yes,Yes,Yes,No,One year,No,Mailed check,85.8475,2308.6,0
8089-UZWLX,Female,1,No,No,120.05165846079717,Yes,Yes,Fiber optic,No,No,Yes,No,Yes,Yes,Two year,No,Electronic check,119.65749999999998,7413.55,1
9732-KPKBW,Male,0,No,No,50.051658460797164,Yes,No,DSL,Yes,No,No,Yes,No,No,Month-to-month,Yes,Credit card (automatic),62.0425,53.95,1
9715-WZCLW,Male,0,Yes,Yes,120.05165846079717,Yes,Yes,Fiber optic,Yes,No,No,No,Yes,Yes,Two year,Yes,Credit card (automatic),111.78,6910.3,0
0257-KXZGU,Female,0,Yes,Yes,81.05165846079717,Yes,Yes,DSL,No,Yes,Yes,No,No,No,Month-to-month,No,Mailed check,71.8175,2045.55,0
0707-HOVVN,Female,1,No,No,119.05165846079717,Yes,Yes,DSL,No,Yes,Yes,Yes,Yes,No,Two year,Yes,Electronic check,86.82499999999999,5212.65,0
5501-TVMGM,Male,0,No,No,50.051658460797164,Yes,No,DSL,No,No,No,No,No,Yes,Month-to-month,Yes,Electronic check,63.537499999999994,55.25,0
3422-LYEPQ,Male,0,Yes,Yes,50.051658460797164,Yes,No,Fiber optic,No,No,No,No,No,No,Month-to-month,Yes,Bank transfer (automatic),81.64999999999999,71.0,1
2277-VWCNI,Female,1,No,No,53.051658460797164,Yes,Yes,DSL,No,No,No,No,No,No,Month-to-month,No,Credit card (automatic),56.06249999999999,179.85,1
5461-QKNTN,Male,1,Yes,No,92.05165846079717,Yes,Yes,Fiber optic,No,Yes,No,Yes,Yes,No,Month-to-month,Yes,Mailed check,108.445,3953.15,0
3967-KXAPS,Male,0,Yes,No,121.05165846079717,Yes,Yes,DSL,Yes,Yes,Yes,Yes,Yes,Yes,Two year,No,Bank transfer (automatic),106.14499999999998,6719.9,0
6919-ELBGL,Male,1,Yes,Yes,121.05165846079717,Yes,Yes,Fiber optic,Yes,Yes,Yes,Yes,Yes,Yes,Two year,Yes,Electronic check,132.1925,8196.4,0
8361-LTMKD,Male,1,Yes,No,53.051658460797164,Yes,Yes,Fiber optic,No,No,No,No,No,No,Month-to-month,Yes,Mailed check,85.56,306.6,1
1131-ALZWV,Female,0,No,No,73.05165846079717,Yes,Yes,No,No internet service,No internet service,No internet service,No internet service,No internet service,No internet service,One year,No,Electronic check,28.29,605.25,0
5178-LMXOP,Male,1,Yes,No,50.051658460797164,Yes,Yes,Fiber optic,No,No,No,No,Yes,Yes,Month-to-month,Yes,Credit card (automatic),109.36499999999998,95.1,1
8992-CEUEN,Female,0,No,No,50.051658460797164,Yes,No,No,No internet service,No internet service,No internet service,No internet service,No internet service,No internet service,Month-to-month,No,Bank transfer (automatic),21.6775,18.85,1
3320-VEOYC,Male,1,No,No,63.051658460797164,Yes,Yes,Fiber optic,No,No,No,No,Yes,Yes,Month-to-month,Yes,Bank transfer (automatic),109.93999999999998,1273.3,0
3672-YITQD,Male,1,Yes,No,85.05165846079717,Yes,Yes,Fiber optic,No,No,No,No,No,Yes,Month-to-month,Yes,Mailed check,96.71499999999999,3021.6,0
6080-TCMYC,Male,0,Yes,Yes,89.05165846079717,Yes,Yes,Fiber optic,No,No,Yes,No,No,No,Month-to-month,Yes,Credit card (automatic),93.38,3292.3,0
6734-FQAJX,Male,1,No,No,116.05165846079717,Yes,No,Fiber optic,Yes,Yes,No,Yes,Yes,Yes,Two year,Yes,Electronic check,120.80749999999999,7171.7,0
1063-DHQJF,Male,0,Yes,Yes,118.05165846079717,Yes,No,Fiber optic,No,Yes,No,Yes,Yes,No,Two year,Yes,Bank transfer (automatic),105.9725,6480.9,0
3976-NLDEZ,Male,0,No,No,50.051658460797164,Yes,No,No,No internet service,No internet service,No internet service,No internet service,No internet service,No internet service,Month-to-month,No,Bank transfer (automatic),23.69,20.6,0
1729-VLAZJ,Female,0,No,Yes,59.051658460797164,No,No phone service,DSL,Yes,Yes,No,Yes,No,No,One year,No,Electronic check,46.287499999999994,411.45,0
3400-ESFUW,Male,0,Yes,Yes,104.05165846079717,Yes,No,DSL,Yes,Yes,No,Yes,No,No,Two year,No,Electronic check,66.18249999999999,3046.4,1
5271-YNWVR,Male,0,Yes,Yes,117.05165846079717,Yes,Yes,Fiber optic,Yes,Yes,Yes,Yes,Yes,Yes,Two year,Yes,Credit card (automatic),130.1225,7856.0,1
1587-FKLZB,Male,1,Yes,Yes,115.05165846079717,Yes,Yes,Fiber optic,No,No,Yes,No,Yes,Yes,Month-to-month,Yes,Electronic check,114.425,6822.15,0
0958-YHXGP,Female,0,No,No,56.051658460797164,Yes,No,Fiber optic,No,No,No,No,No,No,Month-to-month,Yes,Bank transfer (automatic),80.385,497.3,0
1494-EJZDW,Female,0,Yes,Yes,59.051658460797164,Yes,No,No,No internet service,No internet service,No internet service,No internet service,No internet service,No internet service,Two year,No,Credit card (automatic),23.172499999999996,220.8,0
1816-FLZDK,Male,0,No,No,50.051658460797164,No,No phone service,DSL,No,No,No,Yes,No,No,Month-to-month,No,Bank transfer (automatic),33.522499999999994,29.15,0
2075-PUEPR,Male,0,Yes,Yes,104.05165846079717,Yes,No,No,No internet service,No internet service,No internet service,No internet service,No internet service,No internet service,Two year,No,Credit card (automatic),22.2525,1153.25,0
1833-TCXKK,Male,0,Yes,No,94.05165846079717,Yes,Yes,Fiber optic,No,Yes,Yes,No,Yes,Yes,Month-to-month,Yes,Electronic check,123.9125,4882.8,0
1436-ZMJAN,Female,0,Yes,No,59.051658460797164,Yes,No,DSL,No,No,Yes,No,Yes,Yes,Month-to-month,Yes,Bank transfer (automatic),77.96999999999998,653.15,0
0106-UGRDO,Female,0,Yes,No,118.05165846079717,Yes,Yes,Fiber optic,Yes,Yes,Yes,Yes,Yes,Yes,Two year,Yes,Electronic check,133.39999999999998,8182.85,0
1069-XAIEM,Female,1,No,No,50.051658460797164,Yes,Yes,Fiber optic,No,No,No,No,No,Yes,Month-to-month,Yes,Electronic check,97.80749999999999,85.05,0
4213-HKBJO,Female,0,No,No,82.05165846079717,Yes,Yes,No,No internet service,No internet service,No internet service,No internet service,No internet service,No internet service,Two year,No,Electronic check,29.554999999999996,826.1,0
8345-MVDYC,Female,0,No,No,94.05165846079717,Yes,No,DSL,Yes,No,Yes,Yes,Yes,Yes,Two year,No,Electronic check,93.8975,3618.7,0
2672-OJQZP,Female,0,No,No,50.051658460797164,Yes,No,DSL,No,No,No,No,No,No,Month-to-month,No,Bank transfer (automatic),51.4625,44.75,0
5136-RGMZO,Male,0,No,No,80.05165846079717,Yes,Yes,DSL,No,Yes,No,Yes,Yes,No,Month-to-month,Yes,Bank transfer (automatic),81.7075,2168.15,1
5774-QPLTF,Male,0,Yes,Yes,99.05165846079717,Yes,No,No,No internet service,No internet service,No internet service,No internet service,No internet service,No internet service,One year,Yes,Mailed check,23.4025,938.95,0
5240-CAOYT,Female,0,No,No,106.05165846079717,Yes,Yes,Fiber optic,Yes,Yes,No,Yes,No,No,Month-to-month,Yes,Bank transfer (automatic),100.68249999999999,4884.85,0
3707-GNWHM,Male,0,No,No,50.051658460797164,Yes,Yes,Fiber optic,No,No,No,No,No,No,Month-to-month,Yes,Electronic check,85.38749999999999,74.25,1
5159-YFPKQ,Female,0,No,No,51.051658460797164,Yes,No,Fiber optic,No,No,Yes,No,No,No,Month-to-month,Yes,Credit card (automatic),87.16999999999999,160.75,1
5052-PNLOS,Male,0,No,No,52.051658460797164,Yes,Yes,Fiber optic,No,Yes,Yes,No,Yes,Yes,Month-to-month,Yes,Electronic check,121.15249999999999,323.25,1
6173-GOLSU,Male,1,Yes,No,116.05165846079717,Yes,Yes,Fiber optic,No,No,No,No,Yes,Yes,Month-to-month,Yes,Bank transfer (automatic),108.8475,6079.0,0
6661-HBGWL,Female,1,No,No,91.05165846079717,Yes,Yes,Fiber optic,No,Yes,Yes,No,Yes,Yes,Month-to-month,Yes,Bank transfer (automatic),120.46249999999999,4323.45,1
8207-VVMYB,Female,0,Yes,No,119.05165846079717,Yes,Yes,No,No internet service,No internet service,No internet service,No internet service,No internet service,No internet service,Two year,Yes,Electronic check,29.9,2006.95,1
5324-KTGCG,Male,0,Yes,No,120.05165846079717,Yes,No,No,No internet service,No internet service,No internet service,No internet service,No internet service,No internet service,One year,No,Electronic check,23.9775,1539.75,1
7354-OIJLX,Male,0,No,No,58.051658460797164,Yes,Yes,Fiber optic,No,No,No,No,No,No,Month-to-month,Yes,Credit card (automatic),87.22749999999999,724.65,0
9286-BHDQG,Male,0,Yes,Yes,121.05165846079717,No,No phone service,DSL,Yes,Yes,Yes,Yes,No,No,Two year,No,Electronic check,52.037499999999994,3139.8,1
3567-PQTSO,Male,0,Yes,Yes,102.05165846079717,Yes,Yes,Fiber optic,No,Yes,Yes,No,Yes,Yes,One year,Yes,Bank transfer (automatic),121.0375,5576.3,0
3197-ARFOY,Female,1,No,No,68.05165846079717,Yes,No,Fiber optic,Yes,Yes,No,Yes,Yes,Yes,Month-to-month,Yes,Bank transfer (automatic),120.74999999999999,2007.25,0
5698-BQJOH,Female,0,No,No,58.051658460797164,Yes,Yes,Fiber optic,No,No,No,No,Yes,Yes,Month-to-month,No,Credit card (automatic),108.56,857.25,1
1090-ESELR,Male,0,Yes,Yes,121.05165846079717,Yes,No,Fiber optic,Yes,Yes,No,Yes,Yes,Yes,Two year,No,Electronic check,121.32499999999999,7611.55,0
0056-EPFBG,Male,0,Yes,Yes,69.05165846079717,No,No phone service,DSL,Yes,No,Yes,Yes,No,No,Two year,Yes,Electronic check,45.309999999999995,825.4,1
4955-VCWBI,Female,0,Yes,Yes,92.05165846079717,Yes,No,No,No internet service,No internet service,No internet service,No internet service,No internet service,No internet service,One year,No,Bank transfer (automatic),23.0,817.95,0
4717-GHADL,Female,0,No,No,99.05165846079717,Yes,Yes,DSL,No,Yes,No,Yes,Yes,Yes,Two year,Yes,Electronic check,91.53999999999999,4024.2,0
0058-EVZWM,Female,0,Yes,No,104.05165846079717,Yes,Yes,Fiber optic,Yes,No,No,No,Yes,No,Month-to-month,Yes,Credit card (automatic),103.26999999999998,4959.6,0
7218-HKQFK,Male,0,Yes,No,51.051658460797164,Yes,No,Fiber optic,No,No,No,Yes,Yes,Yes,Month-to-month,Yes,Credit card (automatic),108.33,167.5,1
5057-RKGLH,Female,0,Yes,Yes,58.051658460797164,Yes,No,No,No internet service,No internet service,No internet service,No internet service,No internet service,No internet service,Two year,No,Electronic check,23.4025,191.1,0
2309-OSFEU,Male,0,No,No,59.051658460797164,No,No phone service,DSL,No,No,No,No,No,Yes,Month-to-month,Yes,Credit card (automatic),38.98499999999999,298.45,1
3429-IFLEM,Female,0,No,No,120.05165846079717,Yes,No,DSL,Yes,Yes,Yes,Yes,Yes,No,Two year,No,Bank transfer (automatic),88.95249999999999,5550.1,0
1550-LOAHA,Female,0,Yes,No,81.05165846079717,Yes,No,Fiber optic,No,Yes,No,No,No,Yes,Month-to-month,No,Credit card (automatic),96.7725,2585.95,1
1400-MMYXY,Male,1,Yes,No,52.051658460797164,Yes,Yes,Fiber optic,No,Yes,Yes,No,Yes,Yes,Month-to-month,Yes,Electronic check,121.785,334.65,1
7503-QQRVF,Male,1,Yes,No,65.05165846079717,Yes,No,Fiber optic,No,Yes,No,No,No,No,Month-to-month,Yes,Electronic check,85.445,1178.25,1
7504-UWHNB,Male,0,No,No,74.05165846079717,Yes,No,Fiber optic,No,No,No,No,No,No,Month-to-month,No,Mailed check,80.21249999999999,1729.35,0
9565-JSNFM,Male,0,No,No,87.05165846079717,Yes,No,Fiber optic,No,No,No,No,No,No,One year,Yes,Credit card (automatic),81.0175,2597.6,1
4735-BJKOU,Female,0,No,No,89.05165846079717,Yes,No,No,No internet service,No internet service,No internet service,No internet service,No internet service,No internet service,Two year,No,Credit card (automatic),23.172499999999996,804.85,0
3580-GICBM,Female,0,Yes,Yes,110.05165846079717,Yes,Yes,No,No internet service,No internet service,No internet service,No internet service,No internet service,No internet service,Two year,Yes,Bank transfer (automatic),27.83,1445.2,1
7632-YUTXB,Female,0,Yes,Yes,74.05165846079717,Yes,No,No,No internet service,No internet service,No internet service,No internet service,No internet service,No internet service,One year,No,Bank transfer (automatic),23.057499999999997,520.1,0
9412-ARGBX,Female,0,No,Yes,97.05165846079717,Yes,No,Fiber optic,No,Yes,Yes,Yes,Yes,No,Two year,Yes,Mailed check,109.82499999999999,4627.85,1
9576-ANLXO,Female,0,No,No,52.051658460797164,Yes,No,Fiber optic,No,No,No,No,No,No,Month-to-month,Yes,Bank transfer (automatic),79.98249999999999,222.3,1
1110-KYLGQ,Female,0,No,No,112.05165846079717,Yes,Yes,Fiber optic,Yes,Yes,Yes,No,Yes,Yes,Month-to-month,No,Bank transfer (automatic),124.4875,6780.1,0
8696-JKZNU,Female,1,No,No,86.05165846079717,Yes,Yes,Fiber optic,No,No,No,No,No,No,Month-to-month,Yes,Mailed check,87.6875,2841.55,1
8757-TFHHJ,Male,0,No,No,50.051658460797164,Yes,No,DSL,Yes,No,No,No,No,No,Month-to-month,Yes,Mailed check,57.26999999999999,49.8,0
2955-BJZHG,Male,0,Yes,Yes,66.05165846079717,Yes,No,Fiber optic,No,No,No,No,Yes,No,Month-to-month,No,Electronic check,92.97749999999999,1400.85,1
9048-JVYVF,Male,0,No,No,52.051658460797164,Yes,No,DSL,No,No,No,Yes,Yes,Yes,Month-to-month,Yes,Mailed check,79.75249999999998,191.35,1
0682-USIXD,Female,0,Yes,No,70.05165846079717,Yes,No,Fiber optic,No,No,No,Yes,Yes,No,Month-to-month,Yes,Credit card (automatic),98.9575,1818.9,0
3884-UEBXB,Female,0,Yes,Yes,116.05165846079717,No,No phone service,DSL,Yes,Yes,No,No,No,No,Two year,No,Credit card (automatic),41.5725,2434.45,0
1776-SPBWV,Female,0,Yes,Yes,83.05165846079717,Yes,No,No,No internet service,No internet service,No internet service,No internet service,No internet service,No internet service,One year,Yes,Mailed check,23.115,682.1,0
9050-QLROH,Male,0,No,No,67.05165846079717,Yes,Yes,Fiber optic,No,No,Yes,No,No,Yes,Month-to-month,Yes,Mailed check,104.30499999999999,1597.25,1
2925-VDZHY,Male,0,Yes,Yes,121.05165846079717,Yes,Yes,DSL,Yes,Yes,Yes,Yes,Yes,Yes,Two year,No,Electronic check,102.005,6501.35,0
9512-UIBFX,Male,0,Yes,Yes,67.05165846079717,Yes,No,Fiber optic,No,No,Yes,No,Yes,Yes,Month-to-month,No,Bank transfer (automatic),109.4225,1779.95,0
8676-TRMJS,Male,0,No,No,52.051658460797164,Yes,Yes,Fiber optic,No,No,No,No,No,No,Month-to-month,No,Bank transfer (automatic),86.25,209.1,0
3334-CTHOL,Female,0,No,No,50.051658460797164,Yes,Yes,DSL,No,No,No,No,No,No,Month-to-month,Yes,Bank transfer (automatic),57.442499999999995,49.95,1
6331-LWDTQ,Male,0,No,No,59.051658460797164,Yes,Yes,DSL,No,No,No,No,Yes,Yes,Month-to-month,Yes,Credit card (automatic),82.9725,794.25,1
3847-BAERP,Female,0,No,No,59.051658460797164,Yes,No,No,No internet service,No internet service,No internet service,No internet service,No internet service,No internet service,Month-to-month,Yes,Electronic check,24.034999999999997,247.0,0
4709-LKHYG,Female,0,Yes,Yes,78.05165846079717,Yes,No,No,No internet service,No internet service,No internet service,No internet service,No internet service,No internet service,One year,No,Electronic check,23.0,540.05,0
8621-MNIHH,Female,1,Yes,No,83.05165846079717,Yes,Yes,Fiber optic,No,Yes,Yes,No,No,Yes,Month-to-month,Yes,Credit card (automatic),108.38749999999999,3217.55,1
8884-ADFVN,Male,1,Yes,No,56.051658460797164,Yes,Yes,Fiber optic,No,No,Yes,No,Yes,Yes,Month-to-month,Yes,Credit card (automatic),117.24249999999999,700.85,1
2885-HIJDH,Male,0,Yes,Yes,118.05165846079717,Yes,Yes,DSL,Yes,No,Yes,Yes,Yes,Yes,Two year,No,Bank transfer (automatic),99.935,6194.1,0
8570-KLJYJ,Female,0,No,No,85.05165846079717,Yes,Yes,DSL,Yes,No,No,No,No,No,One year,No,Electronic check,62.6175,1893.5,0
9339-FIIJL,Male,0,Yes,No,121.05165846079717,Yes,Yes,DSL,No,Yes,Yes,Yes,Yes,Yes,Two year,No,Electronic check,98.8425,6151.9,0
6223-DHJGV,Female,0,No,No,91.05165846079717,Yes,No,No,No internet service,No internet service,No internet service,No internet service,No internet service,No internet service,One year,Yes,Bank transfer (automatic),23.747499999999995,958.1,0
0959-WHOKV,Male,0,No,No,91.05165846079717,Yes,Yes,Fiber optic,Yes,Yes,Yes,No,No,Yes,One year,Yes,Bank transfer (automatic),113.85,4298.45,1
9610-WCESF,Male,0,No,No,116.05165846079717,No,No phone service,DSL,Yes,No,No,Yes,Yes,No,Two year,No,Credit card (automatic),50.48499999999999,3097.2,0
9279-CJEOJ,Female,1,No,No,70.05165846079717,Yes,Yes,Fiber optic,No,No,No,No,Yes,Yes,Month-to-month,Yes,Mailed check,109.71,2025.1,0
2985-FMWYF,Female,0,No,No,72.05165846079717,Yes,Yes,Fiber optic,No,No,No,No,Yes,Yes,Month-to-month,Yes,Mailed check,107.52499999999999,2341.55,1
3540-RZJYU,Female,0,No,No,64.05165846079717,Yes,No,Fiber optic,Yes,No,No,No,Yes,No,Month-to-month,No,Credit card (automatic),99.13,1270.2,0
2522-WLNSF,Female,1,Yes,No,83.05165846079717,Yes,No,DSL,No,No,Yes,Yes,Yes,No,One year,No,Mailed check,73.83,2106.3,1
6861-XWTWQ,Male,1,Yes,No,56.051658460797164,Yes,Yes,Fiber optic,No,No,Yes,No,Yes,Yes,Month-to-month,Yes,Electronic check,114.13749999999999,665.45,1
8735-NBLWT,Male,0,No,Yes,58.051658460797164,Yes,No,No,No internet service,No internet service,No internet service,No internet service,No internet service,No internet service,Month-to-month,No,Bank transfer (automatic),23.459999999999997,184.1,0
1744-JHKYS,Female,0,Yes,No,83.05165846079717,Yes,Yes,No,No internet service,No internet service,No internet service,No internet service,No internet service,No internet service,Month-to-month,No,Mailed check,28.404999999999998,780.2,0
0841-NULXI,Male,0,No,No,50.051658460797164,No,No phone service,DSL,No,No,No,No,No,Yes,Month-to-month,Yes,Credit card (automatic),40.88249999999999,35.55,1
4016-BJKTZ,Female,0,No,No,74.05165846079717,Yes,Yes,Fiber optic,No,Yes,Yes,Yes,Yes,Yes,Two year,No,Electronic check,125.235,2809.05,0
9298-WGMRW,Female,0,Yes,No,121.05165846079717,Yes,Yes,Fiber optic,Yes,Yes,Yes,Yes,Yes,Yes,Two year,Yes,Electronic check,132.825,8312.75,0
7893-IXHRQ,Male,0,No,No,50.051658460797164,Yes,No,No,No internet service,No internet service,No internet service,No internet service,No internet service,No internet service,Month-to-month,No,Bank transfer (automatic),23.6325,20.55,1
8785-CJSHH,Female,0,Yes,No,109.05165846079717,Yes,Yes,Fiber optic,No,Yes,No,No,Yes,Yes,Month-to-month,Yes,Electronic check,114.76999999999998,5985.75,0
7654-YWJUF,Male,0,Yes,No,92.05165846079717,Yes,No,Fiber optic,Yes,No,Yes,Yes,No,No,One year,Yes,Bank transfer (automatic),96.88749999999999,3539.25,0
8909-BOLNL,Male,0,No,No,52.051658460797164,Yes,No,No,No internet service,No internet service,No internet service,No internet service,No internet service,No internet service,One year,No,Electronic check,24.38,52.05,0
9919-FZDED,Male,1,Yes,No,121.05165846079717,Yes,Yes,DSL,Yes,Yes,Yes,No,Yes,Yes,Two year,Yes,Electronic check,96.71499999999999,5981.65,0
0322-CHQRU,Male,0,No,No,51.051658460797164,Yes,No,DSL,No,No,No,No,No,No,Month-to-month,No,Electronic check,52.152499999999996,89.5,1
3587-PMCOY,Male,0,No,No,59.051658460797164,Yes,No,Fiber optic,Yes,No,Yes,No,Yes,Yes,One year,Yes,Mailed check,113.735,1064.95,0
0655-RBDUG,Male,0,No,No,56.051658460797164,Yes,Yes,Fiber optic,No,No,Yes,No,Yes,Yes,Month-to-month,Yes,Credit card (automatic),112.7575,713.0,1
0983-TATYJ,Female,0,Yes,No,82.05165846079717,Yes,No,DSL,No,No,No,Yes,No,No,One year,Yes,Credit card (automatic),59.1675,1758.9,0
5650-YLIBA,Male,0,No,No,80.05165846079717,Yes,Yes,Fiber optic,No,Yes,No,No,No,No,Month-to-month,Yes,Bank transfer (automatic),93.3225,2640.55,1
5144-TVGLP,Male,1,No,No,87.05165846079717,Yes,Yes,Fiber optic,No,No,No,No,Yes,Yes,Month-to-month,No,Mailed check,108.96249999999999,3653.0,0
3569-EDBPQ,Female,0,No,No,73.05165846079717,Yes,Yes,Fiber optic,Yes,No,No,Yes,No,No,Month-to-month,Yes,Bank transfer (automatic),97.00249999999998,1938.05,1
4945-RVMTE,Female,0,No,No,77.05165846079717,Yes,No,DSL,No,No,Yes,No,Yes,No,Month-to-month,Yes,Electronic check,68.48249999999999,1646.45,0
3511-BFTJW,Male,0,Yes,Yes,121.05165846079717,No,No phone service,DSL,Yes,Yes,Yes,No,No,No,Two year,No,Bank transfer (automatic),44.275,2763.0,0
5537-UXXVS,Female,0,Yes,No,69.05165846079717,Yes,No,No,No internet service,No internet service,No internet service,No internet service,No internet service,No internet service,Month-to-month,No,Bank transfer (automatic),22.1375,375.25,0
8782-NUUOL,Male,0,No,No,109.05165846079717,Yes,No,DSL,Yes,No,Yes,Yes,Yes,Yes,One year,No,Credit card (automatic),90.85,4801.1,0
2865-TCHJW,Female,1,No,No,53.051658460797164,Yes,Yes,Fiber optic,No,No,Yes,No,Yes,No,Month-to-month,Yes,Credit card (automatic),102.58,346.2,1
9931-KGHOA,Female,0,Yes,No,95.05165846079717,Yes,Yes,DSL,Yes,No,No,No,No,No,Month-to-month,No,Electronic check,63.24999999999999,2473.95,0
3071-MVJCD,Male,0,Yes,Yes,121.05165846079717,Yes,Yes,DSL,Yes,Yes,Yes,Yes,Yes,No,Two year,No,Credit card (automatic),94.645,5815.15,0
7279-BUYWN,Female,1,No,No,90.05165846079717,Yes,Yes,Fiber optic,Yes,Yes,Yes,No,Yes,Yes,Month-to-month,Yes,Mailed check,130.18,4689.5,1
3756-VNWDH,Male,1,Yes,No,114.05165846079717,Yes,Yes,Fiber optic,Yes,No,No,No,Yes,Yes,One year,Yes,Electronic check,115.8625,6674.65,1
1395-OFUWC,Male,0,Yes,Yes,92.05165846079717,No,No phone service,DSL,No,Yes,No,No,No,No,Month-to-month,No,Credit card (automatic),33.695,1224.05,0
4223-BKEOR,Female,0,No,Yes,70.05165846079717,Yes,No,DSL,Yes,No,Yes,No,No,Yes,One year,No,Electronic check,74.57749999999999,1336.8,0
0040-HALCW,Male,0,Yes,Yes,103.05165846079717,Yes,No,No,No internet service,No internet service,No internet service,No internet service,No internet service,No internet service,Two year,No,Mailed check,23.459999999999997,1090.6,0
7124-UGSUR,Female,1,Yes,No,110.05165846079717,Yes,Yes,Fiber optic,No,Yes,Yes,No,Yes,Yes,One year,Yes,Mailed check,120.06,6405.0,1
7395-XWZOY,Male,0,No,No,69.05165846079717,No,No phone service,DSL,Yes,Yes,Yes,Yes,Yes,No,Month-to-month,Yes,Credit card (automatic),63.24999999999999,1165.55,0
5440-VHLUL,Male,0,No,No,118.05165846079717,Yes,Yes,Fiber optic,No,Yes,No,Yes,Yes,Yes,One year,Yes,Electronic check,120.97999999999999,7386.05,1
4706-DGAHW,Male,1,No,No,50.051658460797164,Yes,No,DSL,No,No,No,No,No,No,Month-to-month,No,Bank transfer (automatic),51.98,45.2,0
8166-ORCHU,Male,1,Yes,No,82.05165846079717,Yes,No,Fiber optic,Yes,Yes,No,Yes,No,Yes,One year,Yes,Mailed check,107.58249999999998,3055.5,0
3978-YNKDD,Male,0,No,Yes,68.05165846079717,Yes,No,No,No internet service,No internet service,No internet service,No internet service,No internet service,No internet service,Two year,No,Mailed check,23.9775,467.5,0
7198-GLXTC,Male,0,No,No,51.051658460797164,Yes,No,Fiber optic,No,No,No,No,Yes,No,Month-to-month,No,Electronic check,90.85,143.65,1
6366-XIVKZ,Female,0,Yes,Yes,62.051658460797164,Yes,No,DSL,Yes,No,Yes,No,No,Yes,Month-to-month,Yes,Mailed check,72.62249999999999,816.8,1
5133-POWUA,Male,0,No,No,50.051658460797164,Yes,No,DSL,No,No,No,No,No,No,Month-to-month,Yes,Electronic check,52.669999999999995,45.8,0
8400-WZICQ,Female,0,Yes,Yes,104.05165846079717,Yes,No,DSL,Yes,Yes,No,No,No,No,Month-to-month,No,Credit card (automatic),64.05499999999999,3131.8,0
5382-SOYZL,Male,0,No,No,71.05165846079717,Yes,Yes,Fiber optic,No,No,No,No,Yes,Yes,Month-to-month,Yes,Bank transfer (automatic),109.36499999999998,2162.6,0
1989-PRJHP,Male,1,Yes,No,76.05165846079717,Yes,Yes,Fiber optic,No,No,No,No,No,No,Month-to-month,Yes,Electronic check,86.82499999999999,1893.95,1
4154-AQUGT,Male,1,Yes,No,62.051658460797164,Yes,No,Fiber optic,No,Yes,No,Yes,No,Yes,Month-to-month,Yes,Credit card (automatic),102.40749999999998,1169.35,1
0980-FEXWF,Male,0,Yes,Yes,75.05165846079717,Yes,No,DSL,No,No,Yes,No,No,No,One year,No,Mailed check,57.902499999999996,1285.8,0
5845-BZZIB,Male,0,Yes,Yes,84.05165846079717,Yes,No,No,No internet service,No internet service,No internet service,No internet service,No internet service,No internet service,Two year,No,Mailed check,23.115,655.3,1
4840-ORQXB,Female,1,No,No,105.05165846079717,Yes,Yes,Fiber optic,No,Yes,Yes,No,Yes,Yes,Month-to-month,No,Credit card (automatic),120.46249999999999,5841.35,0
0295-PPHDO,Male,0,No,No,50.051658460797164,Yes,Yes,Fiber optic,No,No,No,No,Yes,Yes,Month-to-month,Yes,Mailed check,109.7675,95.45,1
8775-ERLNB,Male,1,Yes,No,50.051658460797164,Yes,Yes,Fiber optic,No,No,No,No,No,No,Month-to-month,No,Bank transfer (automatic),85.445,74.3,0
0376-YMCJC,Male,0,No,No,72.05165846079717,Yes,Yes,Fiber optic,No,No,No,Yes,Yes,No,Month-to-month,Yes,Electronic check,104.18999999999998,1943.2,1
7410-YTJIK,Female,0,No,No,56.051658460797164,Yes,Yes,Fiber optic,No,No,No,No,No,No,Month-to-month,No,Credit card (automatic),86.7675,480.75,1
9927-DSWDF,Male,0,Yes,No,71.05165846079717,Yes,No,Fiber optic,Yes,Yes,No,Yes,Yes,Yes,Month-to-month,Yes,Bank transfer (automatic),120.28999999999998,2180.55,0
6681-ZSEXG,Male,0,Yes,No,105.05165846079717,Yes,Yes,DSL,No,Yes,Yes,No,No,No,Two year,No,Credit card (automatic),68.425,3389.25,0
5702-KVQRD,Male,0,Yes,No,120.05165846079717,Yes,No,DSL,Yes,No,Yes,Yes,Yes,Yes,Two year,Yes,Electronic check,94.93249999999999,5832.65,0
8711-LOBKY,Male,0,Yes,Yes,108.05165846079717,Yes,No,No,No internet service,No internet service,No internet service,No internet service,No internet service,No internet service,Two year,No,Electronic check,22.8275,1188.25,0
9692-TUSXH,Female,0,No,No,67.05165846079717,Yes,No,Fiber optic,Yes,No,No,No,Yes,Yes,Month-to-month,Yes,Electronic check,110.45749999999998,1740.7,1
4012-YCFAI,Male,0,Yes,No,109.05165846079717,Yes,No,DSL,Yes,Yes,No,Yes,No,No,Two year,Yes,Mailed check,70.5525,3766.2,0
8455-HIRAQ,Female,0,No,No,57.051658460797164,Yes,No,DSL,No,No,No,No,No,No,Month-to-month,No,Electronic check,51.1175,369.3,0
7853-WNZSY,Male,0,No,No,50.051658460797164,Yes,No,No,No internet service,No internet service,No internet service,No internet service,No internet service,No internet service,Month-to-month,Yes,Credit card (automatic),22.7125,19.75,0
0390-DCFDQ,Female,1,Yes,No,50.051658460797164,Yes,No,Fiber optic,No,No,No,No,No,No,Month-to-month,Yes,Mailed check,81.0175,70.45,1
6421-SZVEM,Female,0,Yes,Yes,77.05165846079717,Yes,No,Fiber optic,Yes,No,No,No,No,Yes,One year,Yes,Electronic check,95.27749999999999,2320.8,0
3094-JOJAI,Male,0,No,No,67.05165846079717,Yes,Yes,Fiber optic,No,No,No,No,No,No,Month-to-month,No,Electronic check,85.2725,1387.0,0
4873-ILOLJ,Male,0,No,No,73.05165846079717,Yes,No,Fiber optic,No,No,No,No,Yes,Yes,Month-to-month,Yes,Credit card (automatic),103.90249999999999,2238.5,1
8181-YHCMF,Female,0,Yes,Yes,117.05165846079717,No,No phone service,DSL,No,Yes,Yes,Yes,Yes,Yes,Two year,No,Bank transfer (automatic),69.34499999999998,4109.0,0
3324-OIRTO,Male,0,Yes,Yes,120.05165846079717,Yes,No,Fiber optic,Yes,Yes,Yes,No,Yes,Yes,One year,Yes,Electronic check,120.3475,7288.4,1
9135-HSWOC,Male,0,Yes,Yes,113.05165846079717,Yes,No,No,No internet service,No internet service,No internet service,No internet service,No internet service,No internet service,Two year,Yes,Bank transfer (automatic),22.654999999999998,1274.05,0
2272-WUSPA,Female,0,Yes,No,121.05165846079717,Yes,Yes,Fiber optic,Yes,Yes,Yes,No,Yes,Yes,Two year,Yes,Credit card (automatic),127.3625,7751.7,0
4627-MIHJH,Female,1,No,No,118.05165846079717,Yes,Yes,Fiber optic,Yes,No,Yes,Yes,Yes,Yes,Two year,No,Electronic check,126.7875,7467.55,0
3896-RCYYE,Female,0,No,No,116.05165846079717,No,No phone service,DSL,No,No,Yes,Yes,Yes,Yes,Month-to-month,Yes,Electronic check,61.41,3579.15,0
6729-GDNGC,Female,1,No,No,69.05165846079717,Yes,No,Fiber optic,No,No,No,No,Yes,No,Month-to-month,No,Electronic check,92.80499999999999,1614.2,1
9945-PSVIP,Female,0,Yes,Yes,74.05165846079717,Yes,No,No,No internet service,No internet service,No internet service,No internet service,No internet service,No internet service,Two year,Yes,Electronic check,21.505,383.65,0
4137-JOPHL,Female,0,No,No,99.05165846079717,Yes,No,Fiber optic,No,No,Yes,Yes,No,Yes,Two year,Yes,Credit card (automatic),103.155,4304.5,0
2720-FVBQP,Female,0,Yes,Yes,55.051658460797164,Yes,Yes,DSL,No,No,No,No,No,No,Month-to-month,Yes,Credit card (automatic),56.2925,273.25,0
7854-EKTJL,Female,0,No,Yes,51.051658460797164,Yes,No,No,No internet service,No internet service,No internet service,No internet service,No internet service,No internet service,Month-to-month,Yes,Mailed check,22.54,35.85,0
1133-KXCGE,Female,0,No,No,67.05165846079717,Yes,No,No,No internet service,No internet service,No internet service,No internet service,No internet service,No internet service,One year,No,Electronic check,23.115,407.05,0
6048-QBXKL,Female,1,No,No,51.051658460797164,Yes,Yes,DSL,No,Yes,No,No,No,No,Month-to-month,Yes,Credit card (automatic),65.03249999999998,118.25,0
6338-AVWCY,Male,0,No,No,52.051658460797164,No,No phone service,DSL,No,No,Yes,No,Yes,No,Month-to-month,Yes,Electronic check,46.17249999999999,130.75,1
0013-MHZWF,Female,0,No,Yes,58.051658460797164,Yes,No,DSL,No,No,No,Yes,Yes,Yes,Month-to-month,Yes,Electronic check,79.81,571.45,0
9804-ICWBG,Male,0,No,No,50.051658460797164,Yes,No,Fiber optic,No,No,No,No,No,No,Month-to-month,Yes,Electronic check,80.385,69.9,1
2368-GAKKQ,Female,0,No,No,119.05165846079717,Yes,Yes,Fiber optic,Yes,Yes,Yes,Yes,Yes,Yes,Two year,Yes,Electronic check,130.6975,7939.25,0
4829-AUOAX,Female,0,No,No,95.05165846079717,Yes,Yes,Fiber optic,No,No,No,No,Yes,Yes,Month-to-month,No,Bank transfer (automatic),110.45749999999998,4399.5,0
7876-BEUTG,Female,0,No,No,64.05165846079717,Yes,Yes,DSL,No,No,No,No,No,No,Month-to-month,Yes,Bank transfer (automatic),56.11999999999999,720.1,1
6349-JDHQP,Female,0,No,No,102.05165846079717,Yes,No,No,No internet service,No internet service,No internet service,No internet service,No internet service,No internet service,Two year,No,Electronic check,22.8275,1049.6,0
3063-QFSZL,Female,0,No,No,50.051658460797164,Yes,No,DSL,No,No,No,No,No,Yes,Month-to-month,Yes,Mailed check,63.709999999999994,55.4,1
9142-XMYJH,Female,0,No,No,78.05165846079717,Yes,No,No,No internet service,No internet service,No internet service,No internet service,No internet service,No internet service,Month-to-month,No,Electronic check,22.2525,601.6,0
2609-IAICY,Female,0,No,No,50.051658460797164,Yes,Yes,Fiber optic,No,No,No,No,No,No,Month-to-month,Yes,Bank transfer (automatic),88.7225,77.15,0
8626-PTQGE,Male,0,No,No,118.05165846079717,No,No phone service,DSL,Yes,Yes,No,Yes,Yes,Yes,Two year,Yes,Electronic check,69.05749999999999,4176.7,0
0230-UBYPQ,Male,1,Yes,No,112.05165846079717,No,No phone service,DSL,Yes,No,No,Yes,No,No,One year,No,Electronic check,41.515,2298.9,1
6814-ZPWFQ,Male,1,No,No,100.05165846079717,Yes,Yes,No,No internet service,No internet service,No internet service,No internet service,No internet service,No internet service,One year,No,Electronic check,28.749999999999996,1260.7,0
5921-NGYRH,Male,0,Yes,No,113.05165846079717,Yes,No,Fiber optic,Yes,No,No,No,No,No,Month-to-month,Yes,Electronic check,84.5825,4764.0,0
7803-XOCCZ,Female,0,Yes,Yes,101.05165846079717,Yes,No,Fiber optic,Yes,No,Yes,Yes,No,No,Month-to-month,Yes,Bank transfer (automatic),96.65749999999998,4326.8,0
1459-QNFQT,Male,0,Yes,Yes,119.05165846079717,No,No phone service,DSL,Yes,No,Yes,Yes,Yes,Yes,Two year,No,Credit card (automatic),68.425,4144.8,0
3948-FVVRP,Male,0,Yes,Yes,58.051658460797164,Yes,No,DSL,No,Yes,No,Yes,No,No,Month-to-month,No,Electronic check,63.01999999999999,452.8,0
0923-PNFUB,Female,0,No,No,52.051658460797164,Yes,No,Fiber optic,No,Yes,No,No,Yes,No,Month-to-month,No,Mailed check,96.31249999999999,247.25,1
4654-ULTTN,Male,0,Yes,No,119.05165846079717,Yes,Yes,DSL,Yes,No,Yes,Yes,No,Yes,Two year,Yes,Electronic check,86.02,5315.8,0
5628-FCGYG,Male,0,No,No,70.05165846079717,Yes,Yes,Fiber optic,No,No,No,No,No,Yes,Month-to-month,Yes,Mailed check,96.71499999999999,1737.45,0
0506-LVNGN,Female,1,No,No,54.051658460797164,Yes,No,Fiber optic,No,No,Yes,No,No,No,Month-to-month,Yes,Electronic check,86.8825,349.65,1
4329-YPDDQ,Male,0,No,No,69.05165846079717,Yes,No,Fiber optic,Yes,Yes,Yes,Yes,Yes,Yes,Month-to-month,Yes,Bank transfer (automatic),124.42999999999999,2203.7,0
9866-OCCKE,Female,1,Yes,No,121.05165846079717,Yes,Yes,Fiber optic,Yes,No,Yes,Yes,Yes,Yes,Two year,Yes,Credit card (automatic),126.21249999999999,8075.35,0
0794-YVSGE,Male,0,Yes,Yes,121.05165846079717,Yes,No,No,No internet service,No internet service,No internet service,No internet service,No internet service,No internet service,Two year,No,Credit card (automatic),23.345,1401.15,1
4342-HENTK,Female,1,No,No,51.051658460797164,Yes,No,Fiber optic,No,No,No,No,No,No,Month-to-month,Yes,Credit card (automatic),81.2475,142.35,1
5934-TSSAU,Female,0,Yes,Yes,72.05165846079717,Yes,No,Fiber optic,No,No,Yes,No,No,No,Month-to-month,Yes,Electronic check,86.59499999999998,1702.9,0
9986-BONCE,Female,0,No,No,53.051658460797164,Yes,No,No,No internet service,No internet service,No internet service,No internet service,No internet service,No internet service,Month-to-month,No,Mailed check,24.092499999999998,85.5,1
5301-GAUUY,Male,0,No,No,81.05165846079717,Yes,Yes,Fiber optic,No,Yes,No,No,No,No,Month-to-month,Yes,Bank transfer (automatic),92.40249999999999,2596.15,1
0725-CXOTM,Female,0,No,No,85.05165846079717,Yes,Yes,DSL,Yes,No,Yes,Yes,Yes,Yes,One year,Yes,Electronic check,103.0975,3348.1,0
2843-CQMEG,Male,0,No,No,73.05165846079717,Yes,No,DSL,No,Yes,No,No,No,No,Month-to-month,Yes,Credit card (automatic),57.155,1218.25,0
5600-PDUJF,Male,0,No,No,55.051658460797164,Yes,No,DSL,No,No,No,Yes,No,No,Month-to-month,Yes,Credit card (automatic),56.925,312.7,0
4500-HKANN,Male,0,Yes,Yes,72.05165846079717,Yes,Yes,DSL,No,Yes,No,Yes,No,No,Two year,No,Mailed check,68.655,1414.2,0
1862-QRWPE,Female,0,Yes,Yes,97.05165846079717,Yes,No,No,No internet service,No internet service,No internet service,No internet service,No internet service,No internet service,Two year,No,Electronic check,23.747499999999995,1057.0,0
2155-AMQRX,Female,0,No,No,77.05165846079717,Yes,Yes,DSL,No,No,No,Yes,No,No,Month-to-month,Yes,Mailed check,63.13499999999999,1505.15,0
0823-HSCDJ,Male,1,No,No,101.05165846079717,No,No phone service,DSL,No,Yes,No,No,Yes,Yes,Month-to-month,Yes,Electronic check,56.522499999999994,2550.9,1
4090-KPJIP,Female,0,No,No,52.051658460797164,Yes,Yes,Fiber optic,No,No,No,No,No,No,Month-to-month,Yes,Electronic check,86.1925,212.4,0
2737-YNGYW,Female,0,No,No,51.051658460797164,Yes,No,Fiber optic,No,No,No,No,No,Yes,Month-to-month,No,Credit card (automatic),92.6325,184.1,0
5619-XZZKR,Male,0,No,No,53.051658460797164,Yes,No,No,No internet service,No internet service,No internet service,No internet service,No internet service,No internet service,One year,No,Electronic check,22.9425,68.2,0
6047-YHPVI,Male,0,No,No,54.051658460797164,Yes,No,Fiber optic,No,No,No,No,No,No,Month-to-month,Yes,Mailed check,80.155,316.9,1
8375-DKEBR,Female,1,No,No,50.051658460797164,Yes,No,Fiber optic,No,No,No,No,No,No,Month-to-month,Yes,Electronic check,80.03999999999999,69.6,1
7729-XBTWX,Male,0,Yes,Yes,115.05165846079717,Yes,No,No,No internet service,No internet service,No internet service,No internet service,No internet service,No internet service,Two year,Yes,Credit card (automatic),22.7125,1344.5,0
4983-CLMLV,Female,0,Yes,No,101.05165846079717,Yes,Yes,Fiber optic,No,Yes,No,Yes,Yes,Yes,Month-to-month,Yes,Credit card (automatic),118.10499999999999,5138.1,0
9227-LUNBG,Female,0,No,No,50.051658460797164,No,No phone service,DSL,No,No,No,No,No,No,Month-to-month,No,Credit card (automatic),28.29,24.6,0
2758-RNWXS,Male,0,No,No,84.05165846079717,Yes,No,Fiber optic,Yes,No,No,Yes,No,Yes,One year,Yes,Electronic check,102.58,3251.3,0
7055-HNEOJ,Male,0,Yes,No,52.051658460797164,Yes,No,DSL,No,No,Yes,Yes,No,No,Month-to-month,Yes,Bank transfer (automatic),64.16999999999999,154.55,0
7134-MJPDY,Female,1,No,No,115.05165846079717,Yes,Yes,Fiber optic,No,No,Yes,Yes,Yes,Yes,One year,Yes,Bank transfer (automatic),118.27749999999999,6976.75,0
4560-WQAQW,Female,0,No,No,108.05165846079717,Yes,Yes,DSL,Yes,No,No,Yes,No,Yes,One year,No,Electronic check,79.005,4070.95,0
8532-UEFWH,Male,0,Yes,Yes,101.05165846079717,Yes,Yes,No,No internet service,No internet service,No internet service,No internet service,No internet service,No internet service,Two year,No,Credit card (automatic),29.612499999999997,1345.85,0
8541-QVFKM,Female,0,No,No,57.051658460797164,Yes,Yes,Fiber optic,No,No,No,No,No,No,Month-to-month,Yes,Credit card (automatic),84.52499999999999,632.2,0
7129-ACFOG,Female,0,No,No,54.051658460797164,Yes,Yes,DSL,Yes,No,No,No,No,No,Month-to-month,Yes,Electronic check,61.86999999999999,283.95,0
2495-INZWQ,Male,0,No,No,53.051658460797164,No,No phone service,DSL,No,No,No,No,Yes,Yes,Month-to-month,Yes,Electronic check,51.232499999999995,174.3,1
0263-FJTQO,Male,0,Yes,Yes,99.05165846079717,Yes,Yes,DSL,Yes,No,No,Yes,Yes,No,Two year,Yes,Mailed check,81.07499999999999,3486.65,0
0181-RITDD,Male,0,Yes,Yes,111.05165846079717,Yes,No,Fiber optic,Yes,Yes,Yes,Yes,Yes,Yes,Two year,No,Electronic check,124.3725,6825.65,0
8241-JUIQO,Female,0,No,No,110.05165846079717,Yes,No,No,No internet service,No internet service,No internet service,No internet service,No internet service,No internet service,One year,No,Bank transfer (automatic),22.367499999999996,1336.35,0
0913-XWSCN,Male,0,Yes,Yes,104.05165846079717,Yes,Yes,Fiber optic,No,No,No,No,No,Yes,Month-to-month,No,Electronic check,98.32499999999999,4713.4,0
2159-TURXX,Male,0,No,No,54.051658460797164,Yes,No,No,No internet service,No internet service,No internet service,No internet service,No internet service,No internet service,Month-to-month,No,Mailed check,23.057499999999997,95.55,1
6461-PPAXN,Female,0,Yes,Yes,84.05165846079717,Yes,No,DSL,Yes,No,No,Yes,No,No,One year,Yes,Bank transfer (automatic),63.192499999999995,1916.0,0
1452-KIOVK,Male,0,No,Yes,71.05165846079717,Yes,Yes,Fiber optic,No,Yes,No,No,Yes,No,Month-to-month,Yes,Mailed check,102.46499999999999,1949.4,0
1139-WUOAH,Male,0,No,No,106.05165846079717,No,No phone service,DSL,No,No,Yes,Yes,Yes,Yes,Two year,No,Bank transfer (automatic),61.3525,3090.05,0
3207-OYBWH,Male,1,Yes,No,106.05165846079717,Yes,Yes,Fiber optic,No,Yes,Yes,No,No,Yes,Month-to-month,Yes,Bank transfer (automatic),109.5375,5427.05,0
8347-GDTMP,Female,0,Yes,No,113.05165846079717,Yes,No,No,No internet service,No internet service,No internet service,No internet service,No internet service,No internet service,Two year,No,Bank transfer (automatic),22.367499999999996,1225.65,0
9909-DFRJA,Female,0,No,No,75.05165846079717,Yes,No,Fiber optic,Yes,No,Yes,Yes,No,Yes,One year,Yes,Bank transfer (automatic),110.22749999999999,2475.35,0
6383-ZTSIW,Female,1,Yes,No,88.05165846079717,Yes,No,Fiber optic,Yes,Yes,No,No,Yes,Yes,One year,No,Credit card (automatic),113.96499999999999,3877.95,1
5438-QMDDL,Female,0,Yes,No,68.05165846079717,Yes,No,DSL,No,Yes,No,No,No,Yes,Month-to-month,Yes,Electronic check,68.77,1130.85,0
8914-RBTSB,Male,0,Yes,No,80.05165846079717,Yes,Yes,Fiber optic,No,Yes,Yes,No,Yes,No,Month-to-month,No,Mailed check,107.86999999999999,3019.5,1
6164-HXUGH,Female,0,Yes,Yes,55.051658460797164,Yes,No,No,No internet service,No internet service,No internet service,No internet service,No internet service,No internet service,Month-to-month,No,Bank transfer (automatic),22.8275,119.3,0
6900-RBKER,Male,0,No,No,101.05165846079717,Yes,Yes,Fiber optic,No,No,Yes,No,No,Yes,Two year,Yes,Electronic check,102.86749999999999,4577.75,0
1492-QGCLU,Male,0,Yes,Yes,102.05165846079717,Yes,Yes,DSL,Yes,No,Yes,Yes,Yes,Yes,Month-to-month,No,Credit card (automatic),98.55499999999999,4616.1,0
6664-FPDAC,Female,1,No,No,105.05165846079717,Yes,Yes,Fiber optic,No,Yes,Yes,Yes,Yes,Yes,One year,Yes,Bank transfer (automatic),128.7425,6418.9,1
1088-AUUZZ,Male,0,Yes,Yes,105.05165846079717,Yes,Yes,DSL,Yes,Yes,No,Yes,No,Yes,Two year,Yes,Credit card (automatic),87.22749999999999,4261.2,1
6651-AZVTJ,Male,0,Yes,Yes,98.05165846079717,Yes,Yes,Fiber optic,No,No,Yes,No,Yes,Yes,Month-to-month,Yes,Credit card (automatic),114.76999999999998,4872.45,1
8219-VYBVI,Male,0,No,Yes,88.05165846079717,Yes,Yes,No,No internet service,No internet service,No internet service,No internet service,No internet service,No internet service,Two year,No,Bank transfer (automatic),28.749999999999996,1004.35,1
0310-MVLET,Female,0,Yes,Yes,110.05165846079717,Yes,Yes,Fiber optic,No,Yes,No,No,Yes,Yes,Month-to-month,Yes,Electronic check,114.0225,6010.05,0
7233-IOQNP,Female,0,Yes,No,92.05165846079717,No,No phone service,DSL,Yes,No,No,Yes,No,No,Month-to-month,No,Bank transfer (automatic),39.099999999999994,1505.35,1
7311-MQJCH,Female,0,No,No,54.051658460797164,Yes,No,No,No internet service,No internet service,No internet service,No internet service,No internet service,No internet service,One year,No,Mailed check,22.482499999999998,99.6,0
9256-JTBNZ,Female,0,No,No,60.051658460797164,Yes,No,No,No internet service,No internet service,No internet service,No internet service,No internet service,No internet service,Month-to-month,No,Electronic check,23.345,246.3,0
8713-IGZSO,Male,0,No,No,51.051658460797164,Yes,Yes,No,No internet service,No internet service,No internet service,No internet service,No internet service,No internet service,Month-to-month,No,Mailed check,28.5775,62.0,0
6821-BUXUX,Female,0,No,No,62.051658460797164,Yes,Yes,Fiber optic,Yes,Yes,No,No,Yes,No,Month-to-month,Yes,Bank transfer (automatic),111.1475,1244.5,1
9114-DPSIA,Male,0,Yes,Yes,121.05165846079717,Yes,Yes,DSL,Yes,Yes,Yes,Yes,No,Yes,Two year,No,Credit card (automatic),93.14999999999999,5750.0,0
4501-UYKBC,Female,1,No,No,95.05165846079717,Yes,Yes,DSL,No,No,Yes,Yes,No,Yes,One year,Yes,Electronic check,79.46499999999999,3255.35,0
2798-NYLMZ,Male,0,Yes,No,120.05165846079717,Yes,Yes,Fiber optic,Yes,No,Yes,Yes,Yes,Yes,Two year,Yes,Credit card (automatic),124.83249999999998,7616.0,0
6711-VTNRE,Female,0,No,No,85.05165846079717,Yes,No,Fiber optic,No,No,Yes,Yes,No,Yes,Month-to-month,Yes,Credit card (automatic),100.68249999999999,3078.1,0
5966-EMAZU,Male,0,Yes,No,113.05165846079717,Yes,Yes,Fiber optic,Yes,No,Yes,Yes,Yes,Yes,One year,Yes,Electronic check,124.77499999999999,6880.85,0
3627-FHKBK,Female,0,No,No,50.051658460797164,Yes,No,Fiber optic,Yes,No,No,No,No,No,Month-to-month,No,Electronic check,86.59499999999998,75.3,1
7861-UVUFT,Female,0,Yes,No,64.05165846079717,Yes,No,Fiber optic,No,No,Yes,No,Yes,No,Month-to-month,Yes,Electronic check,96.945,1308.4,1
9824-QCJPK,Male,0,Yes,No,85.05165846079717,Yes,No,No,No internet service,No internet service,No internet service,No internet service,No internet service,No internet service,One year,No,Electronic check,23.0,666.75,0
7816-VGHTO,Female,0,Yes,Yes,55.051658460797164,No,No phone service,DSL,No,Yes,Yes,Yes,No,No,Two year,No,Electronic check,46.63249999999999,217.5,0
3794-NFNCH,Male,0,Yes,No,79.05165846079717,Yes,No,DSL,No,No,Yes,No,No,No,Month-to-month,Yes,Bank transfer (automatic),57.49999999999999,1474.9,0
3877-JRJIP,Male,0,No,No,50.051658460797164,Yes,Yes,DSL,No,No,No,No,Yes,No,Month-to-month,Yes,Mailed check,68.8275,59.85,1
5228-EXCET,Male,0,No,No,62.051658460797164,Yes,No,Fiber optic,No,No,No,No,No,Yes,Month-to-month,Yes,Credit card (automatic),92.97749999999999,1008.7,1
6248-BSHKG,Male,0,Yes,Yes,110.05165846079717,Yes,No,No,No internet service,No internet service,No internet service,No internet service,No internet service,No internet service,One year,No,Electronic check,23.459999999999997,1226.45,0
8915-NNTRC,Male,0,Yes,Yes,121.05165846079717,Yes,Yes,Fiber optic,Yes,Yes,No,Yes,Yes,Yes,Two year,Yes,Credit card (automatic),123.85499999999999,7919.8,0
3470-OBUET,Female,0,Yes,Yes,116.05165846079717,Yes,Yes,DSL,Yes,Yes,No,Yes,Yes,No,Two year,No,Electronic check,85.1,4868.4,1
3229-USWAR,Female,0,No,No,83.05165846079717,Yes,No,DSL,Yes,No,Yes,Yes,Yes,Yes,One year,Yes,Electronic check,91.9425,2727.3,0
1927-QEWMY,Female,0,Yes,No,121.05165846079717,Yes,No,No,No internet service,No internet service,No internet service,No internet service,No internet service,No internet service,Two year,No,Bank transfer (automatic),23.575,1502.25,0
6374-AFWOX,Male,0,Yes,No,95.05165846079717,Yes,No,DSL,Yes,Yes,Yes,Yes,No,No,Two year,No,Bank transfer (automatic),75.4975,3047.15,0
7912-SYRQT,Female,0,No,No,56.051658460797164,Yes,Yes,Fiber optic,No,No,No,No,No,No,Month-to-month,Yes,Electronic check,86.36499999999998,552.95,1
2070-FNEXE,Female,1,No,No,56.051658460797164,Yes,No,Fiber optic,Yes,No,No,No,No,No,Month-to-month,No,Mailed check,87.91749999999999,503.6,1
5803-NQJZO,Male,0,Yes,No,121.05165846079717,Yes,Yes,DSL,Yes,Yes,Yes,Yes,No,No,Two year,Yes,Mailed check,77.96999999999998,4804.65,0
5651-YLPRD,Female,0,Yes,Yes,81.05165846079717,Yes,No,Fiber optic,No,Yes,No,No,Yes,No,Month-to-month,Yes,Mailed check,99.01499999999999,2723.75,0
1271-UODNO,Male,0,No,No,88.05165846079717,Yes,Yes,DSL,No,No,No,Yes,No,No,Two year,Yes,Bank transfer (automatic),61.927499999999995,2200.7,0
5014-WUQMG,Male,0,Yes,Yes,96.05165846079717,Yes,No,Fiber optic,Yes,Yes,Yes,No,No,Yes,One year,Yes,Bank transfer (automatic),110.51499999999999,4391.45,0
5889-JTMUL,Female,1,Yes,No,99.05165846079717,Yes,Yes,Fiber optic,No,Yes,Yes,No,Yes,No,Month-to-month,Yes,Bank transfer (automatic),109.30749999999999,4888.7,1
0788-DXBFY,Male,0,Yes,Yes,107.05165846079717,Yes,No,No,No internet service,No internet service,No internet service,No internet service,No internet service,No internet service,One year,Yes,Electronic check,22.482499999999998,1108.8,0
2669-QVCRG,Female,0,No,No,90.05165846079717,Yes,Yes,Fiber optic,Yes,No,No,No,No,No,Month-to-month,Yes,Electronic check,93.49499999999999,3190.65,1
6630-UJZMY,Female,1,Yes,No,53.051658460797164,Yes,Yes,Fiber optic,No,No,No,No,Yes,No,Month-to-month,Yes,Credit card (automatic),95.7375,308.05,0
5061-PBXFW,Female,0,Yes,Yes,81.05165846079717,Yes,No,DSL,Yes,Yes,No,Yes,No,No,Month-to-month,No,Credit card (automatic),70.61,1864.65,1
2700-LUEVA,Male,0,No,No,50.051658460797164,Yes,No,No,No internet service,No internet service,No internet service,No internet service,No internet service,No internet service,Month-to-month,No,Electronic check,23.862499999999997,20.75,0
3865-ZFZIB,Male,0,No,No,68.05165846079717,Yes,No,No,No internet service,No internet service,No internet service,No internet service,No internet service,No internet service,Two year,No,Bank transfer (automatic),22.597499999999997,358.15,0
0471-ARVMX,Female,1,Yes,No,111.05165846079717,Yes,Yes,Fiber optic,Yes,No,Yes,No,Yes,Yes,One year,Yes,Electronic check,120.57749999999999,6312.9,0
8985-OOPOS,Female,0,No,No,50.051658460797164,Yes,No,DSL,No,No,Yes,Yes,Yes,Yes,One year,No,Mailed check,85.21499999999999,74.1,0
0719-SYFRB,Female,0,No,No,61.051658460797164,Yes,Yes,DSL,Yes,No,Yes,Yes,No,No,Month-to-month,Yes,Bank transfer (automatic),70.8975,713.75,1
0447-BEMNG,Female,0,Yes,No,97.05165846079717,No,No phone service,DSL,Yes,No,Yes,No,No,Yes,Month-to-month,Yes,Electronic check,52.09499999999999,2145.0,1
5630-AHZIL,Female,0,No,Yes,52.051658460797164,Yes,No,DSL,Yes,No,No,Yes,No,Yes,Month-to-month,Yes,Mailed check,74.175,177.4,0
2190-BCXEC,Female,0,Yes,No,89.05165846079717,Yes,Yes,Fiber optic,No,No,No,Yes,No,No,Month-to-month,Yes,Bank transfer (automatic),90.67749999999998,3126.85,0
1559-DTODC,Male,0,No,No,68.05165846079717,No,No phone service,DSL,No,No,No,No,No,No,Month-to-month,Yes,Electronic check,28.922499999999996,468.35,0
3244-DCJWY,Female,0,No,No,50.051658460797164,Yes,No,Fiber optic,No,No,No,No,No,No,Month-to-month,Yes,Mailed check,80.7875,70.25,0
3967-VQOGC,Female,0,Yes,Yes,116.05165846079717,Yes,Yes,No,No internet service,No internet service,No internet service,No internet service,No internet service,No internet service,Two year,Yes,Electronic check,28.634999999999994,1680.25,0
0265-PSUAE,Female,0,Yes,Yes,65.05165846079717,Yes,No,Fiber optic,Yes,No,Yes,No,Yes,Yes,Month-to-month,No,Bank transfer (automatic),115.80499999999999,1522.7,0
1622-HSHSF,Female,0,No,No,50.051658460797164,Yes,No,No,No internet service,No internet service,No internet service,No internet service,No internet service,No internet service,Month-to-month,Yes,Mailed check,22.482499999999998,19.55,0
9867-XOBQA,Female,0,No,Yes,70.05165846079717,No,No phone service,DSL,Yes,Yes,Yes,Yes,Yes,No,Two year,No,Credit card (automatic),61.122499999999995,1183.2,0
6773-LQTVT,Female,1,Yes,Yes,78.05165846079717,No,No phone service,DSL,No,Yes,Yes,No,No,No,Month-to-month,Yes,Bank transfer (automatic),40.997499999999995,1025.15,0
4332-MUOEZ,Male,1,Yes,Yes,69.05165846079717,Yes,No,Fiber optic,Yes,No,Yes,Yes,No,Yes,One year,No,Credit card (automatic),108.445,1818.3,0
0023-XUOPT,Female,0,Yes,No,62.051658460797164,Yes,Yes,Fiber optic,No,Yes,Yes,No,Yes,No,Month-to-month,No,Bank transfer (automatic),108.21499999999999,1215.6,1
6543-CPZMK,Male,0,Yes,Yes,58.051658460797164,No,No phone service,DSL,No,Yes,No,No,No,No,Month-to-month,Yes,Mailed check,34.442499999999995,248.95,1
6418-HNFED,Male,0,Yes,No,100.05165846079717,Yes,No,DSL,Yes,Yes,Yes,Yes,Yes,Yes,Two year,Yes,Electronic check,95.7375,4089.45,0
1036-GUDCL,Male,0,Yes,Yes,109.05165846079717,Yes,No,DSL,Yes,Yes,No,Yes,Yes,Yes,Month-to-month,Yes,Electronic check,90.90749999999998,4663.4,0
4818-QIUFN,Female,1,No,No,69.05165846079717,Yes,Yes,Fiber optic,Yes,No,No,No,No,No,Month-to-month,Yes,Electronic check,91.0225,1520.9,1
0778-NELLA,Male,0,No,No,58.051658460797164,No,No phone service,DSL,No,No,No,No,Yes,No,Month-to-month,Yes,Mailed check,39.905,296.1,1
7495-OOKFY,Female,1,Yes,No,57.051658460797164,Yes,Yes,Fiber optic,No,Yes,No,No,No,No,Month-to-month,Yes,Electronic check,92.7475,633.3,1
4737-HOBAX,Male,0,Yes,No,112.05165846079717,Yes,Yes,DSL,No,No,Yes,Yes,Yes,Yes,Two year,No,Electronic check,91.77,5034.05,1
7919-ZODZZ,Female,0,Yes,Yes,59.051658460797164,Yes,No,DSL,No,Yes,Yes,No,No,Yes,One year,Yes,Mailed check,75.785,660.05,0
2988-PLAHS,Female,0,No,No,52.051658460797164,Yes,No,DSL,No,No,Yes,No,Yes,Yes,One year,Yes,Credit card (automatic),80.4425,220.45,0
9067-SQTNS,Male,0,Yes,Yes,93.05165846079717,Yes,No,No,No internet service,No internet service,No internet service,No internet service,No internet service,No internet service,One year,No,Credit card (automatic),23.69,926.0,1
6483-OATDN,Male,0,Yes,Yes,57.051658460797164,Yes,No,DSL,Yes,No,No,No,No,No,Month-to-month,Yes,Credit card (automatic),58.99499999999999,411.6,0
5469-CTCWN,Male,0,Yes,Yes,110.05165846079717,Yes,Yes,Fiber optic,Yes,Yes,No,No,Yes,Yes,One year,Yes,Electronic check,121.89999999999999,6547.7,1
3524-WQDSG,Female,0,Yes,Yes,92.05165846079717,Yes,Yes,Fiber optic,No,No,Yes,No,Yes,Yes,Month-to-month,Yes,Electronic check,114.195,4209.95,0
6968-URWQU,Male,0,Yes,No,92.05165846079717,Yes,No,DSL,No,No,No,No,Yes,No,One year,Yes,Mailed check,64.8025,2391.15,0
8601-QACRS,Female,0,No,No,54.051658460797164,Yes,Yes,DSL,No,No,No,No,No,No,Month-to-month,Yes,Electronic check,58.19,249.95,1
8690-UPCZI,Male,0,Yes,Yes,78.05165846079717,Yes,Yes,DSL,Yes,No,No,Yes,Yes,No,One year,No,Mailed check,79.40749999999998,1958.45,0
5331-RGMTT,Male,1,Yes,No,103.05165846079717,Yes,Yes,Fiber optic,No,No,Yes,No,Yes,Yes,Month-to-month,Yes,Bank transfer (automatic),113.90749999999998,5295.7,0
1357-BIJKI,Male,0,Yes,No,99.05165846079717,Yes,Yes,Fiber optic,No,Yes,No,No,Yes,Yes,One year,Yes,Mailed check,112.9875,4858.7,0
2088-IEBAU,Female,0,No,No,117.05165846079717,Yes,Yes,DSL,Yes,Yes,Yes,Yes,Yes,Yes,Two year,Yes,Electronic check,101.3725,6148.45,0
0679-IDSTG,Female,1,Yes,Yes,50.051658460797164,Yes,No,Fiber optic,No,No,No,No,No,No,Month-to-month,Yes,Bank transfer (automatic),79.63749999999999,69.25,1
6519-ZHPXP,Female,0,Yes,Yes,121.05165846079717,Yes,No,Fiber optic,Yes,Yes,Yes,Yes,Yes,Yes,Two year,Yes,Credit card (automatic),124.54499999999999,7679.65,0
2101-RANCD,Female,0,No,No,104.05165846079717,Yes,Yes,Fiber optic,No,No,No,No,No,No,Month-to-month,Yes,Credit card (automatic),84.06499999999998,4144.9,0
4029-HPFVY,Male,0,No,No,52.051658460797164,Yes,No,Fiber optic,No,No,No,No,No,No,Month-to-month,Yes,Electronic check,80.84499999999998,220.4,1
1015-OWJKI,Male,0,No,No,50.051658460797164,Yes,No,No,No internet service,No internet service,No internet service,No internet service,No internet service,No internet service,Month-to-month,No,Credit card (automatic),21.9075,19.05,0
8314-HTWVE,Female,0,Yes,Yes,56.051658460797164,Yes,No,No,No internet service,No internet service,No internet service,No internet service,No internet service,No internet service,Two year,No,Mailed check,22.8275,144.15,0
5357-TZHPP,Male,1,No,No,58.051658460797164,Yes,Yes,Fiber optic,No,No,No,No,No,Yes,Month-to-month,Yes,Bank transfer (automatic),97.06,732.5,1
8727-XDPUD,Male,0,No,No,86.05165846079717,No,No phone service,DSL,No,No,No,No,Yes,No,Two year,No,Electronic check,41.169999999999995,1316.9,0
9073-ZZIAY,Male,0,Yes,Yes,111.05165846079717,Yes,No,DSL,Yes,Yes,Yes,Yes,Yes,Yes,Two year,No,Bank transfer (automatic),99.01499999999999,5215.25,0
5181-OABFK,Female,0,Yes,Yes,105.05165846079717,Yes,No,DSL,Yes,Yes,Yes,No,No,No,Two year,Yes,Electronic check,70.49499999999999,3346.8,0
3812-LRZIR,Female,0,Yes,Yes,76.05165846079717,Yes,Yes,No,No internet service,No internet service,No internet service,No internet service,No internet service,No internet service,Two year,No,Bank transfer (automatic),28.174999999999997,761.95,0
5204-HMGYF,Female,0,Yes,Yes,98.05165846079717,Yes,No,DSL,Yes,Yes,Yes,Yes,Yes,Yes,One year,Yes,Bank transfer (automatic),100.28,4345.0,1
9950-MTGYX,Male,0,Yes,Yes,77.05165846079717,Yes,No,No,No internet service,No internet service,No internet service,No internet service,No internet service,No internet service,Two year,Yes,Electronic check,23.345,487.95,0
3675-EQOZA,Male,0,No,No,54.051658460797164,Yes,No,No,No internet service,No internet service,No internet service,No internet service,No internet service,No internet service,Month-to-month,No,Bank transfer (automatic),23.747499999999995,93.55,0
3646-ITDGM,Female,0,No,No,105.05165846079717,Yes,No,No,No internet service,No internet service,No internet service,No internet service,No internet service,No internet service,Two year,No,Electronic check,22.654999999999998,1051.9,0
3913-FCUUW,Female,0,Yes,Yes,121.05165846079717,Yes,Yes,DSL,Yes,Yes,Yes,Yes,No,No,Two year,Yes,Electronic check,81.0175,5165.7,0
